[0.000000] (-) TimerEvent: {}
[0.000525] (nav_module) JobQueued: {'identifier': 'nav_module', 'dependencies': OrderedDict()}
[0.000605] (slam_module) JobQueued: {'identifier': 'slam_module', 'dependencies': OrderedDict()}
[0.000636] (sllidar_ros2) JobQueued: {'identifier': 'sllidar_ros2', 'dependencies': OrderedDict()}
[0.000656] (system_launcher) JobQueued: {'identifier': 'system_launcher', 'dependencies': OrderedDict()}
[0.001116] (nav_module) JobStarted: {'identifier': 'nav_module'}
[0.010950] (slam_module) JobStarted: {'identifier': 'slam_module'}
[0.017968] (sllidar_ros2) JobStarted: {'identifier': 'sllidar_ros2'}
[0.022420] (system_launcher) JobStarted: {'identifier': 'system_launcher'}
[0.030824] (nav_module) JobProgress: {'identifier': 'nav_module', 'progress': 'cmake'}
[0.031509] (nav_module) Command: {'cmd': ['/usr/bin/cmake', '/home/raspi/Robots4ChildrenWithDisabilities/ROS2/ros2_ws/src/nav_module', '-DCMAKE_INSTALL_PREFIX=/home/raspi/Robots4ChildrenWithDisabilities/ROS2/ros2_ws/install/nav_module'], 'cwd': '/home/raspi/Robots4ChildrenWithDisabilities/ROS2/ros2_ws/build/nav_module', 'env': OrderedDict({'LESSOPEN': '| /usr/bin/lesspipe %s', 'USER': 'raspi', 'SSH_CLIENT': '192.168.137.1 59943 22', 'XDG_SESSION_TYPE': 'tty', 'GIT_ASKPASS': '/home/raspi/.vscode-server/cli/servers/Stable-848b80aeb52026648a8ff9f7c45a9b0a80641e2e/server/extensions/git/dist/askpass.sh', 'SHLVL': '1', 'LD_LIBRARY_PATH': '/opt/ros/jazzy/opt/rviz_ogre_vendor/lib:/opt/ros/jazzy/lib/aarch64-linux-gnu:/opt/ros/jazzy/opt/gz_math_vendor/lib:/opt/ros/jazzy/opt/gz_utils_vendor/lib:/opt/ros/jazzy/opt/gz_cmake_vendor/lib:/opt/ros/jazzy/lib', 'BROWSER': '/home/raspi/.vscode-server/cli/servers/Stable-848b80aeb52026648a8ff9f7c45a9b0a80641e2e/server/bin/helpers/browser.sh', 'HOME': '/home/raspi', 'OLDPWD': '/home/raspi', 'TERM_PROGRAM_VERSION': '1.100.2', 'VSCODE_IPC_HOOK_CLI': '/run/user/1000/vscode-ipc-b1383dd9-a613-44c9-928d-8f6e3dd42d38.sock', 'ROS_PYTHON_VERSION': '3', 'VSCODE_GIT_ASKPASS_MAIN': '/home/raspi/.vscode-server/cli/servers/Stable-848b80aeb52026648a8ff9f7c45a9b0a80641e2e/server/extensions/git/dist/askpass-main.js', 'VSCODE_GIT_ASKPASS_NODE': '/home/raspi/.vscode-server/cli/servers/Stable-848b80aeb52026648a8ff9f7c45a9b0a80641e2e/server/node', 'SSL_CERT_FILE': '/usr/lib/ssl/cert.pem', 'PYDEVD_DISABLE_FILE_VALIDATION': '1', 'BUNDLED_DEBUGPY_PATH': '/home/raspi/.vscode-server/extensions/ms-python.debugpy-2025.8.0-linux-arm64/bundled/libs/debugpy', 'DBUS_SESSION_BUS_ADDRESS': 'unix:path=/run/user/1000/bus', 'COLORTERM': 'truecolor', 'ROS_DISTRO': 'jazzy', 'LOGNAME': 'raspi', '_': '/usr/bin/colcon', 'ROS_VERSION': '2', 'XDG_SESSION_CLASS': 'user', 'TERM': 'xterm-256color', 'XDG_SESSION_ID': '1', 'PATH': '/home/raspi/.vscode-server/cli/servers/Stable-848b80aeb52026648a8ff9f7c45a9b0a80641e2e/server/bin/remote-cli:/home/raspi/.local/bin:/opt/ros/jazzy/bin:/usr/local/sbin:/usr/local/bin:/usr/sbin:/usr/bin:/sbin:/bin:/usr/games:/usr/local/games:/snap/bin:/home/raspi/.local/bin:/home/raspi/.local/bin:/home/raspi/.vscode-server/extensions/ms-python.debugpy-2025.8.0-linux-arm64/bundled/scripts/noConfigScripts:/home/raspi/.vscode-server/data/User/globalStorage/github.copilot-chat/debugCommand:/home/raspi/.local/bin', 'XDG_RUNTIME_DIR': '/run/user/1000', 'SSL_CERT_DIR': '/usr/lib/ssl/certs', 'VSCODE_DEBUGPY_ADAPTER_ENDPOINTS': '/home/raspi/.vscode-server/extensions/ms-python.debugpy-2025.8.0-linux-arm64/.noConfigDebugAdapterEndpoints/endpoint-c5a373403f01ae8b.txt', 'LANG': 'C.UTF-8', 'LS_COLORS': 'rs=0:di=01;34:ln=01;36:mh=00:pi=40;33:so=01;35:do=01;35:bd=40;33;01:cd=40;33;01:or=40;31;01:mi=00:su=37;41:sg=30;43:ca=00:tw=30;42:ow=34;42:st=37;44:ex=01;32:*.tar=01;31:*.tgz=01;31:*.arc=01;31:*.arj=01;31:*.taz=01;31:*.lha=01;31:*.lz4=01;31:*.lzh=01;31:*.lzma=01;31:*.tlz=01;31:*.txz=01;31:*.tzo=01;31:*.t7z=01;31:*.zip=01;31:*.z=01;31:*.dz=01;31:*.gz=01;31:*.lrz=01;31:*.lz=01;31:*.lzo=01;31:*.xz=01;31:*.zst=01;31:*.tzst=01;31:*.bz2=01;31:*.bz=01;31:*.tbz=01;31:*.tbz2=01;31:*.tz=01;31:*.deb=01;31:*.rpm=01;31:*.jar=01;31:*.war=01;31:*.ear=01;31:*.sar=01;31:*.rar=01;31:*.alz=01;31:*.ace=01;31:*.zoo=01;31:*.cpio=01;31:*.7z=01;31:*.rz=01;31:*.cab=01;31:*.wim=01;31:*.swm=01;31:*.dwm=01;31:*.esd=01;31:*.avif=01;35:*.jpg=01;35:*.jpeg=01;35:*.mjpg=01;35:*.mjpeg=01;35:*.gif=01;35:*.bmp=01;35:*.pbm=01;35:*.pgm=01;35:*.ppm=01;35:*.tga=01;35:*.xbm=01;35:*.xpm=01;35:*.tif=01;35:*.tiff=01;35:*.png=01;35:*.svg=01;35:*.svgz=01;35:*.mng=01;35:*.pcx=01;35:*.mov=01;35:*.mpg=01;35:*.mpeg=01;35:*.m2v=01;35:*.mkv=01;35:*.webm=01;35:*.webp=01;35:*.ogm=01;35:*.mp4=01;35:*.m4v=01;35:*.mp4v=01;35:*.vob=01;35:*.qt=01;35:*.nuv=01;35:*.wmv=01;35:*.asf=01;35:*.rm=01;35:*.rmvb=01;35:*.flc=01;35:*.avi=01;35:*.fli=01;35:*.flv=01;35:*.gl=01;35:*.dl=01;35:*.xcf=01;35:*.xwd=01;35:*.yuv=01;35:*.cgm=01;35:*.emf=01;35:*.ogv=01;35:*.ogx=01;35:*.aac=00;36:*.au=00;36:*.flac=00;36:*.m4a=00;36:*.mid=00;36:*.midi=00;36:*.mka=00;36:*.mp3=00;36:*.mpc=00;36:*.ogg=00;36:*.ra=00;36:*.wav=00;36:*.oga=00;36:*.opus=00;36:*.spx=00;36:*.xspf=00;36:*~=00;90:*#=00;90:*.bak=00;90:*.crdownload=00;90:*.dpkg-dist=00;90:*.dpkg-new=00;90:*.dpkg-old=00;90:*.dpkg-tmp=00;90:*.old=00;90:*.orig=00;90:*.part=00;90:*.rej=00;90:*.rpmnew=00;90:*.rpmorig=00;90:*.rpmsave=00;90:*.swp=00;90:*.tmp=00;90:*.ucf-dist=00;90:*.ucf-new=00;90:*.ucf-old=00;90:', 'VSCODE_GIT_IPC_HANDLE': '/run/user/1000/vscode-git-5d39144d8a.sock', 'TERM_PROGRAM': 'vscode', 'AMENT_PREFIX_PATH': '/opt/ros/jazzy', 'SHELL': '/bin/bash', 'LESSCLOSE': '/usr/bin/lesspipe %s %s', 'ROS_AUTOMATIC_DISCOVERY_RANGE': 'SUBNET', 'VSCODE_GIT_ASKPASS_EXTRA_ARGS': '', 'PWD': '/home/raspi/Robots4ChildrenWithDisabilities/ROS2/ros2_ws/build/nav_module', 'SSH_CONNECTION': '192.168.137.1 59943 192.168.137.71 22', 'XDG_DATA_DIRS': '/usr/share/gnome:/usr/local/share:/usr/share:/var/lib/snapd/desktop', 'PYTHONPATH': '/opt/ros/jazzy/lib/python3.12/site-packages', 'COLCON': '1', 'CMAKE_PREFIX_PATH': '/opt/ros/jazzy/opt/gz_math_vendor:/opt/ros/jazzy/opt/gz_utils_vendor:/opt/ros/jazzy/opt/gz_cmake_vendor:/opt/ros/jazzy'}), 'shell': False}
[0.036560] (slam_module) JobProgress: {'identifier': 'slam_module', 'progress': 'cmake'}
[0.038354] (slam_module) Command: {'cmd': ['/usr/bin/cmake', '/home/raspi/Robots4ChildrenWithDisabilities/ROS2/ros2_ws/src/slam_module', '-DCMAKE_INSTALL_PREFIX=/home/raspi/Robots4ChildrenWithDisabilities/ROS2/ros2_ws/install/slam_module'], 'cwd': '/home/raspi/Robots4ChildrenWithDisabilities/ROS2/ros2_ws/build/slam_module', 'env': OrderedDict({'LESSOPEN': '| /usr/bin/lesspipe %s', 'USER': 'raspi', 'SSH_CLIENT': '192.168.137.1 59943 22', 'XDG_SESSION_TYPE': 'tty', 'GIT_ASKPASS': '/home/raspi/.vscode-server/cli/servers/Stable-848b80aeb52026648a8ff9f7c45a9b0a80641e2e/server/extensions/git/dist/askpass.sh', 'SHLVL': '1', 'LD_LIBRARY_PATH': '/opt/ros/jazzy/opt/rviz_ogre_vendor/lib:/opt/ros/jazzy/lib/aarch64-linux-gnu:/opt/ros/jazzy/opt/gz_math_vendor/lib:/opt/ros/jazzy/opt/gz_utils_vendor/lib:/opt/ros/jazzy/opt/gz_cmake_vendor/lib:/opt/ros/jazzy/lib', 'BROWSER': '/home/raspi/.vscode-server/cli/servers/Stable-848b80aeb52026648a8ff9f7c45a9b0a80641e2e/server/bin/helpers/browser.sh', 'HOME': '/home/raspi', 'OLDPWD': '/home/raspi', 'TERM_PROGRAM_VERSION': '1.100.2', 'VSCODE_IPC_HOOK_CLI': '/run/user/1000/vscode-ipc-b1383dd9-a613-44c9-928d-8f6e3dd42d38.sock', 'ROS_PYTHON_VERSION': '3', 'VSCODE_GIT_ASKPASS_MAIN': '/home/raspi/.vscode-server/cli/servers/Stable-848b80aeb52026648a8ff9f7c45a9b0a80641e2e/server/extensions/git/dist/askpass-main.js', 'VSCODE_GIT_ASKPASS_NODE': '/home/raspi/.vscode-server/cli/servers/Stable-848b80aeb52026648a8ff9f7c45a9b0a80641e2e/server/node', 'SSL_CERT_FILE': '/usr/lib/ssl/cert.pem', 'PYDEVD_DISABLE_FILE_VALIDATION': '1', 'BUNDLED_DEBUGPY_PATH': '/home/raspi/.vscode-server/extensions/ms-python.debugpy-2025.8.0-linux-arm64/bundled/libs/debugpy', 'DBUS_SESSION_BUS_ADDRESS': 'unix:path=/run/user/1000/bus', 'COLORTERM': 'truecolor', 'ROS_DISTRO': 'jazzy', 'LOGNAME': 'raspi', '_': '/usr/bin/colcon', 'ROS_VERSION': '2', 'XDG_SESSION_CLASS': 'user', 'TERM': 'xterm-256color', 'XDG_SESSION_ID': '1', 'PATH': '/home/raspi/.vscode-server/cli/servers/Stable-848b80aeb52026648a8ff9f7c45a9b0a80641e2e/server/bin/remote-cli:/home/raspi/.local/bin:/opt/ros/jazzy/bin:/usr/local/sbin:/usr/local/bin:/usr/sbin:/usr/bin:/sbin:/bin:/usr/games:/usr/local/games:/snap/bin:/home/raspi/.local/bin:/home/raspi/.local/bin:/home/raspi/.vscode-server/extensions/ms-python.debugpy-2025.8.0-linux-arm64/bundled/scripts/noConfigScripts:/home/raspi/.vscode-server/data/User/globalStorage/github.copilot-chat/debugCommand:/home/raspi/.local/bin', 'XDG_RUNTIME_DIR': '/run/user/1000', 'SSL_CERT_DIR': '/usr/lib/ssl/certs', 'VSCODE_DEBUGPY_ADAPTER_ENDPOINTS': '/home/raspi/.vscode-server/extensions/ms-python.debugpy-2025.8.0-linux-arm64/.noConfigDebugAdapterEndpoints/endpoint-c5a373403f01ae8b.txt', 'LANG': 'C.UTF-8', 'LS_COLORS': 'rs=0:di=01;34:ln=01;36:mh=00:pi=40;33:so=01;35:do=01;35:bd=40;33;01:cd=40;33;01:or=40;31;01:mi=00:su=37;41:sg=30;43:ca=00:tw=30;42:ow=34;42:st=37;44:ex=01;32:*.tar=01;31:*.tgz=01;31:*.arc=01;31:*.arj=01;31:*.taz=01;31:*.lha=01;31:*.lz4=01;31:*.lzh=01;31:*.lzma=01;31:*.tlz=01;31:*.txz=01;31:*.tzo=01;31:*.t7z=01;31:*.zip=01;31:*.z=01;31:*.dz=01;31:*.gz=01;31:*.lrz=01;31:*.lz=01;31:*.lzo=01;31:*.xz=01;31:*.zst=01;31:*.tzst=01;31:*.bz2=01;31:*.bz=01;31:*.tbz=01;31:*.tbz2=01;31:*.tz=01;31:*.deb=01;31:*.rpm=01;31:*.jar=01;31:*.war=01;31:*.ear=01;31:*.sar=01;31:*.rar=01;31:*.alz=01;31:*.ace=01;31:*.zoo=01;31:*.cpio=01;31:*.7z=01;31:*.rz=01;31:*.cab=01;31:*.wim=01;31:*.swm=01;31:*.dwm=01;31:*.esd=01;31:*.avif=01;35:*.jpg=01;35:*.jpeg=01;35:*.mjpg=01;35:*.mjpeg=01;35:*.gif=01;35:*.bmp=01;35:*.pbm=01;35:*.pgm=01;35:*.ppm=01;35:*.tga=01;35:*.xbm=01;35:*.xpm=01;35:*.tif=01;35:*.tiff=01;35:*.png=01;35:*.svg=01;35:*.svgz=01;35:*.mng=01;35:*.pcx=01;35:*.mov=01;35:*.mpg=01;35:*.mpeg=01;35:*.m2v=01;35:*.mkv=01;35:*.webm=01;35:*.webp=01;35:*.ogm=01;35:*.mp4=01;35:*.m4v=01;35:*.mp4v=01;35:*.vob=01;35:*.qt=01;35:*.nuv=01;35:*.wmv=01;35:*.asf=01;35:*.rm=01;35:*.rmvb=01;35:*.flc=01;35:*.avi=01;35:*.fli=01;35:*.flv=01;35:*.gl=01;35:*.dl=01;35:*.xcf=01;35:*.xwd=01;35:*.yuv=01;35:*.cgm=01;35:*.emf=01;35:*.ogv=01;35:*.ogx=01;35:*.aac=00;36:*.au=00;36:*.flac=00;36:*.m4a=00;36:*.mid=00;36:*.midi=00;36:*.mka=00;36:*.mp3=00;36:*.mpc=00;36:*.ogg=00;36:*.ra=00;36:*.wav=00;36:*.oga=00;36:*.opus=00;36:*.spx=00;36:*.xspf=00;36:*~=00;90:*#=00;90:*.bak=00;90:*.crdownload=00;90:*.dpkg-dist=00;90:*.dpkg-new=00;90:*.dpkg-old=00;90:*.dpkg-tmp=00;90:*.old=00;90:*.orig=00;90:*.part=00;90:*.rej=00;90:*.rpmnew=00;90:*.rpmorig=00;90:*.rpmsave=00;90:*.swp=00;90:*.tmp=00;90:*.ucf-dist=00;90:*.ucf-new=00;90:*.ucf-old=00;90:', 'VSCODE_GIT_IPC_HANDLE': '/run/user/1000/vscode-git-5d39144d8a.sock', 'TERM_PROGRAM': 'vscode', 'AMENT_PREFIX_PATH': '/opt/ros/jazzy', 'SHELL': '/bin/bash', 'LESSCLOSE': '/usr/bin/lesspipe %s %s', 'ROS_AUTOMATIC_DISCOVERY_RANGE': 'SUBNET', 'VSCODE_GIT_ASKPASS_EXTRA_ARGS': '', 'PWD': '/home/raspi/Robots4ChildrenWithDisabilities/ROS2/ros2_ws/build/slam_module', 'SSH_CONNECTION': '192.168.137.1 59943 192.168.137.71 22', 'XDG_DATA_DIRS': '/usr/share/gnome:/usr/local/share:/usr/share:/var/lib/snapd/desktop', 'PYTHONPATH': '/opt/ros/jazzy/lib/python3.12/site-packages', 'COLCON': '1', 'CMAKE_PREFIX_PATH': '/opt/ros/jazzy/opt/gz_math_vendor:/opt/ros/jazzy/opt/gz_utils_vendor:/opt/ros/jazzy/opt/gz_cmake_vendor:/opt/ros/jazzy'}), 'shell': False}
[0.041453] (sllidar_ros2) JobProgress: {'identifier': 'sllidar_ros2', 'progress': 'cmake'}
[0.042514] (sllidar_ros2) Command: {'cmd': ['/usr/bin/cmake', '/home/raspi/Robots4ChildrenWithDisabilities/ROS2/ros2_ws/src/sllidar_ros2', '-DCMAKE_INSTALL_PREFIX=/home/raspi/Robots4ChildrenWithDisabilities/ROS2/ros2_ws/install/sllidar_ros2'], 'cwd': '/home/raspi/Robots4ChildrenWithDisabilities/ROS2/ros2_ws/build/sllidar_ros2', 'env': OrderedDict({'LESSOPEN': '| /usr/bin/lesspipe %s', 'USER': 'raspi', 'SSH_CLIENT': '192.168.137.1 59943 22', 'XDG_SESSION_TYPE': 'tty', 'GIT_ASKPASS': '/home/raspi/.vscode-server/cli/servers/Stable-848b80aeb52026648a8ff9f7c45a9b0a80641e2e/server/extensions/git/dist/askpass.sh', 'SHLVL': '1', 'LD_LIBRARY_PATH': '/opt/ros/jazzy/opt/rviz_ogre_vendor/lib:/opt/ros/jazzy/lib/aarch64-linux-gnu:/opt/ros/jazzy/opt/gz_math_vendor/lib:/opt/ros/jazzy/opt/gz_utils_vendor/lib:/opt/ros/jazzy/opt/gz_cmake_vendor/lib:/opt/ros/jazzy/lib', 'BROWSER': '/home/raspi/.vscode-server/cli/servers/Stable-848b80aeb52026648a8ff9f7c45a9b0a80641e2e/server/bin/helpers/browser.sh', 'HOME': '/home/raspi', 'OLDPWD': '/home/raspi', 'TERM_PROGRAM_VERSION': '1.100.2', 'VSCODE_IPC_HOOK_CLI': '/run/user/1000/vscode-ipc-b1383dd9-a613-44c9-928d-8f6e3dd42d38.sock', 'ROS_PYTHON_VERSION': '3', 'VSCODE_GIT_ASKPASS_MAIN': '/home/raspi/.vscode-server/cli/servers/Stable-848b80aeb52026648a8ff9f7c45a9b0a80641e2e/server/extensions/git/dist/askpass-main.js', 'VSCODE_GIT_ASKPASS_NODE': '/home/raspi/.vscode-server/cli/servers/Stable-848b80aeb52026648a8ff9f7c45a9b0a80641e2e/server/node', 'SSL_CERT_FILE': '/usr/lib/ssl/cert.pem', 'PYDEVD_DISABLE_FILE_VALIDATION': '1', 'BUNDLED_DEBUGPY_PATH': '/home/raspi/.vscode-server/extensions/ms-python.debugpy-2025.8.0-linux-arm64/bundled/libs/debugpy', 'DBUS_SESSION_BUS_ADDRESS': 'unix:path=/run/user/1000/bus', 'COLORTERM': 'truecolor', 'ROS_DISTRO': 'jazzy', 'LOGNAME': 'raspi', '_': '/usr/bin/colcon', 'ROS_VERSION': '2', 'XDG_SESSION_CLASS': 'user', 'TERM': 'xterm-256color', 'XDG_SESSION_ID': '1', 'PATH': '/home/raspi/.vscode-server/cli/servers/Stable-848b80aeb52026648a8ff9f7c45a9b0a80641e2e/server/bin/remote-cli:/home/raspi/.local/bin:/opt/ros/jazzy/bin:/usr/local/sbin:/usr/local/bin:/usr/sbin:/usr/bin:/sbin:/bin:/usr/games:/usr/local/games:/snap/bin:/home/raspi/.local/bin:/home/raspi/.local/bin:/home/raspi/.vscode-server/extensions/ms-python.debugpy-2025.8.0-linux-arm64/bundled/scripts/noConfigScripts:/home/raspi/.vscode-server/data/User/globalStorage/github.copilot-chat/debugCommand:/home/raspi/.local/bin', 'XDG_RUNTIME_DIR': '/run/user/1000', 'SSL_CERT_DIR': '/usr/lib/ssl/certs', 'VSCODE_DEBUGPY_ADAPTER_ENDPOINTS': '/home/raspi/.vscode-server/extensions/ms-python.debugpy-2025.8.0-linux-arm64/.noConfigDebugAdapterEndpoints/endpoint-c5a373403f01ae8b.txt', 'LANG': 'C.UTF-8', 'LS_COLORS': 'rs=0:di=01;34:ln=01;36:mh=00:pi=40;33:so=01;35:do=01;35:bd=40;33;01:cd=40;33;01:or=40;31;01:mi=00:su=37;41:sg=30;43:ca=00:tw=30;42:ow=34;42:st=37;44:ex=01;32:*.tar=01;31:*.tgz=01;31:*.arc=01;31:*.arj=01;31:*.taz=01;31:*.lha=01;31:*.lz4=01;31:*.lzh=01;31:*.lzma=01;31:*.tlz=01;31:*.txz=01;31:*.tzo=01;31:*.t7z=01;31:*.zip=01;31:*.z=01;31:*.dz=01;31:*.gz=01;31:*.lrz=01;31:*.lz=01;31:*.lzo=01;31:*.xz=01;31:*.zst=01;31:*.tzst=01;31:*.bz2=01;31:*.bz=01;31:*.tbz=01;31:*.tbz2=01;31:*.tz=01;31:*.deb=01;31:*.rpm=01;31:*.jar=01;31:*.war=01;31:*.ear=01;31:*.sar=01;31:*.rar=01;31:*.alz=01;31:*.ace=01;31:*.zoo=01;31:*.cpio=01;31:*.7z=01;31:*.rz=01;31:*.cab=01;31:*.wim=01;31:*.swm=01;31:*.dwm=01;31:*.esd=01;31:*.avif=01;35:*.jpg=01;35:*.jpeg=01;35:*.mjpg=01;35:*.mjpeg=01;35:*.gif=01;35:*.bmp=01;35:*.pbm=01;35:*.pgm=01;35:*.ppm=01;35:*.tga=01;35:*.xbm=01;35:*.xpm=01;35:*.tif=01;35:*.tiff=01;35:*.png=01;35:*.svg=01;35:*.svgz=01;35:*.mng=01;35:*.pcx=01;35:*.mov=01;35:*.mpg=01;35:*.mpeg=01;35:*.m2v=01;35:*.mkv=01;35:*.webm=01;35:*.webp=01;35:*.ogm=01;35:*.mp4=01;35:*.m4v=01;35:*.mp4v=01;35:*.vob=01;35:*.qt=01;35:*.nuv=01;35:*.wmv=01;35:*.asf=01;35:*.rm=01;35:*.rmvb=01;35:*.flc=01;35:*.avi=01;35:*.fli=01;35:*.flv=01;35:*.gl=01;35:*.dl=01;35:*.xcf=01;35:*.xwd=01;35:*.yuv=01;35:*.cgm=01;35:*.emf=01;35:*.ogv=01;35:*.ogx=01;35:*.aac=00;36:*.au=00;36:*.flac=00;36:*.m4a=00;36:*.mid=00;36:*.midi=00;36:*.mka=00;36:*.mp3=00;36:*.mpc=00;36:*.ogg=00;36:*.ra=00;36:*.wav=00;36:*.oga=00;36:*.opus=00;36:*.spx=00;36:*.xspf=00;36:*~=00;90:*#=00;90:*.bak=00;90:*.crdownload=00;90:*.dpkg-dist=00;90:*.dpkg-new=00;90:*.dpkg-old=00;90:*.dpkg-tmp=00;90:*.old=00;90:*.orig=00;90:*.part=00;90:*.rej=00;90:*.rpmnew=00;90:*.rpmorig=00;90:*.rpmsave=00;90:*.swp=00;90:*.tmp=00;90:*.ucf-dist=00;90:*.ucf-new=00;90:*.ucf-old=00;90:', 'VSCODE_GIT_IPC_HANDLE': '/run/user/1000/vscode-git-5d39144d8a.sock', 'TERM_PROGRAM': 'vscode', 'AMENT_PREFIX_PATH': '/opt/ros/jazzy', 'SHELL': '/bin/bash', 'LESSCLOSE': '/usr/bin/lesspipe %s %s', 'ROS_AUTOMATIC_DISCOVERY_RANGE': 'SUBNET', 'VSCODE_GIT_ASKPASS_EXTRA_ARGS': '', 'PWD': '/home/raspi/Robots4ChildrenWithDisabilities/ROS2/ros2_ws/build/sllidar_ros2', 'SSH_CONNECTION': '192.168.137.1 59943 192.168.137.71 22', 'XDG_DATA_DIRS': '/usr/share/gnome:/usr/local/share:/usr/share:/var/lib/snapd/desktop', 'PYTHONPATH': '/opt/ros/jazzy/lib/python3.12/site-packages', 'COLCON': '1', 'CMAKE_PREFIX_PATH': '/opt/ros/jazzy/opt/gz_math_vendor:/opt/ros/jazzy/opt/gz_utils_vendor:/opt/ros/jazzy/opt/gz_cmake_vendor:/opt/ros/jazzy'}), 'shell': False}
[0.061594] (system_launcher) JobProgress: {'identifier': 'system_launcher', 'progress': 'cmake'}
[0.061716] (system_launcher) Command: {'cmd': ['/usr/bin/cmake', '/home/raspi/Robots4ChildrenWithDisabilities/ROS2/ros2_ws/src/system_launcher', '-DCMAKE_INSTALL_PREFIX=/home/raspi/Robots4ChildrenWithDisabilities/ROS2/ros2_ws/install/system_launcher'], 'cwd': '/home/raspi/Robots4ChildrenWithDisabilities/ROS2/ros2_ws/build/system_launcher', 'env': OrderedDict({'LESSOPEN': '| /usr/bin/lesspipe %s', 'USER': 'raspi', 'SSH_CLIENT': '192.168.137.1 59943 22', 'XDG_SESSION_TYPE': 'tty', 'GIT_ASKPASS': '/home/raspi/.vscode-server/cli/servers/Stable-848b80aeb52026648a8ff9f7c45a9b0a80641e2e/server/extensions/git/dist/askpass.sh', 'SHLVL': '1', 'LD_LIBRARY_PATH': '/opt/ros/jazzy/opt/rviz_ogre_vendor/lib:/opt/ros/jazzy/lib/aarch64-linux-gnu:/opt/ros/jazzy/opt/gz_math_vendor/lib:/opt/ros/jazzy/opt/gz_utils_vendor/lib:/opt/ros/jazzy/opt/gz_cmake_vendor/lib:/opt/ros/jazzy/lib', 'BROWSER': '/home/raspi/.vscode-server/cli/servers/Stable-848b80aeb52026648a8ff9f7c45a9b0a80641e2e/server/bin/helpers/browser.sh', 'HOME': '/home/raspi', 'OLDPWD': '/home/raspi', 'TERM_PROGRAM_VERSION': '1.100.2', 'VSCODE_IPC_HOOK_CLI': '/run/user/1000/vscode-ipc-b1383dd9-a613-44c9-928d-8f6e3dd42d38.sock', 'ROS_PYTHON_VERSION': '3', 'VSCODE_GIT_ASKPASS_MAIN': '/home/raspi/.vscode-server/cli/servers/Stable-848b80aeb52026648a8ff9f7c45a9b0a80641e2e/server/extensions/git/dist/askpass-main.js', 'VSCODE_GIT_ASKPASS_NODE': '/home/raspi/.vscode-server/cli/servers/Stable-848b80aeb52026648a8ff9f7c45a9b0a80641e2e/server/node', 'SSL_CERT_FILE': '/usr/lib/ssl/cert.pem', 'PYDEVD_DISABLE_FILE_VALIDATION': '1', 'BUNDLED_DEBUGPY_PATH': '/home/raspi/.vscode-server/extensions/ms-python.debugpy-2025.8.0-linux-arm64/bundled/libs/debugpy', 'DBUS_SESSION_BUS_ADDRESS': 'unix:path=/run/user/1000/bus', 'COLORTERM': 'truecolor', 'ROS_DISTRO': 'jazzy', 'LOGNAME': 'raspi', '_': '/usr/bin/colcon', 'ROS_VERSION': '2', 'XDG_SESSION_CLASS': 'user', 'TERM': 'xterm-256color', 'XDG_SESSION_ID': '1', 'PATH': '/home/raspi/.vscode-server/cli/servers/Stable-848b80aeb52026648a8ff9f7c45a9b0a80641e2e/server/bin/remote-cli:/home/raspi/.local/bin:/opt/ros/jazzy/bin:/usr/local/sbin:/usr/local/bin:/usr/sbin:/usr/bin:/sbin:/bin:/usr/games:/usr/local/games:/snap/bin:/home/raspi/.local/bin:/home/raspi/.local/bin:/home/raspi/.vscode-server/extensions/ms-python.debugpy-2025.8.0-linux-arm64/bundled/scripts/noConfigScripts:/home/raspi/.vscode-server/data/User/globalStorage/github.copilot-chat/debugCommand:/home/raspi/.local/bin', 'XDG_RUNTIME_DIR': '/run/user/1000', 'SSL_CERT_DIR': '/usr/lib/ssl/certs', 'VSCODE_DEBUGPY_ADAPTER_ENDPOINTS': '/home/raspi/.vscode-server/extensions/ms-python.debugpy-2025.8.0-linux-arm64/.noConfigDebugAdapterEndpoints/endpoint-c5a373403f01ae8b.txt', 'LANG': 'C.UTF-8', 'LS_COLORS': 'rs=0:di=01;34:ln=01;36:mh=00:pi=40;33:so=01;35:do=01;35:bd=40;33;01:cd=40;33;01:or=40;31;01:mi=00:su=37;41:sg=30;43:ca=00:tw=30;42:ow=34;42:st=37;44:ex=01;32:*.tar=01;31:*.tgz=01;31:*.arc=01;31:*.arj=01;31:*.taz=01;31:*.lha=01;31:*.lz4=01;31:*.lzh=01;31:*.lzma=01;31:*.tlz=01;31:*.txz=01;31:*.tzo=01;31:*.t7z=01;31:*.zip=01;31:*.z=01;31:*.dz=01;31:*.gz=01;31:*.lrz=01;31:*.lz=01;31:*.lzo=01;31:*.xz=01;31:*.zst=01;31:*.tzst=01;31:*.bz2=01;31:*.bz=01;31:*.tbz=01;31:*.tbz2=01;31:*.tz=01;31:*.deb=01;31:*.rpm=01;31:*.jar=01;31:*.war=01;31:*.ear=01;31:*.sar=01;31:*.rar=01;31:*.alz=01;31:*.ace=01;31:*.zoo=01;31:*.cpio=01;31:*.7z=01;31:*.rz=01;31:*.cab=01;31:*.wim=01;31:*.swm=01;31:*.dwm=01;31:*.esd=01;31:*.avif=01;35:*.jpg=01;35:*.jpeg=01;35:*.mjpg=01;35:*.mjpeg=01;35:*.gif=01;35:*.bmp=01;35:*.pbm=01;35:*.pgm=01;35:*.ppm=01;35:*.tga=01;35:*.xbm=01;35:*.xpm=01;35:*.tif=01;35:*.tiff=01;35:*.png=01;35:*.svg=01;35:*.svgz=01;35:*.mng=01;35:*.pcx=01;35:*.mov=01;35:*.mpg=01;35:*.mpeg=01;35:*.m2v=01;35:*.mkv=01;35:*.webm=01;35:*.webp=01;35:*.ogm=01;35:*.mp4=01;35:*.m4v=01;35:*.mp4v=01;35:*.vob=01;35:*.qt=01;35:*.nuv=01;35:*.wmv=01;35:*.asf=01;35:*.rm=01;35:*.rmvb=01;35:*.flc=01;35:*.avi=01;35:*.fli=01;35:*.flv=01;35:*.gl=01;35:*.dl=01;35:*.xcf=01;35:*.xwd=01;35:*.yuv=01;35:*.cgm=01;35:*.emf=01;35:*.ogv=01;35:*.ogx=01;35:*.aac=00;36:*.au=00;36:*.flac=00;36:*.m4a=00;36:*.mid=00;36:*.midi=00;36:*.mka=00;36:*.mp3=00;36:*.mpc=00;36:*.ogg=00;36:*.ra=00;36:*.wav=00;36:*.oga=00;36:*.opus=00;36:*.spx=00;36:*.xspf=00;36:*~=00;90:*#=00;90:*.bak=00;90:*.crdownload=00;90:*.dpkg-dist=00;90:*.dpkg-new=00;90:*.dpkg-old=00;90:*.dpkg-tmp=00;90:*.old=00;90:*.orig=00;90:*.part=00;90:*.rej=00;90:*.rpmnew=00;90:*.rpmorig=00;90:*.rpmsave=00;90:*.swp=00;90:*.tmp=00;90:*.ucf-dist=00;90:*.ucf-new=00;90:*.ucf-old=00;90:', 'VSCODE_GIT_IPC_HANDLE': '/run/user/1000/vscode-git-5d39144d8a.sock', 'TERM_PROGRAM': 'vscode', 'AMENT_PREFIX_PATH': '/opt/ros/jazzy', 'SHELL': '/bin/bash', 'LESSCLOSE': '/usr/bin/lesspipe %s %s', 'ROS_AUTOMATIC_DISCOVERY_RANGE': 'SUBNET', 'VSCODE_GIT_ASKPASS_EXTRA_ARGS': '', 'PWD': '/home/raspi/Robots4ChildrenWithDisabilities/ROS2/ros2_ws/build/system_launcher', 'SSH_CONNECTION': '192.168.137.1 59943 192.168.137.71 22', 'XDG_DATA_DIRS': '/usr/share/gnome:/usr/local/share:/usr/share:/var/lib/snapd/desktop', 'PYTHONPATH': '/opt/ros/jazzy/lib/python3.12/site-packages', 'COLCON': '1', 'CMAKE_PREFIX_PATH': '/opt/ros/jazzy/opt/gz_math_vendor:/opt/ros/jazzy/opt/gz_utils_vendor:/opt/ros/jazzy/opt/gz_cmake_vendor:/opt/ros/jazzy'}), 'shell': False}
[0.101215] (-) TimerEvent: {}
[0.204782] (-) TimerEvent: {}
[0.220758] (slam_module) StdoutLine: {'line': b'-- The C compiler identification is GNU 13.3.0\n'}
[0.277665] (nav_module) StdoutLine: {'line': b'-- The C compiler identification is GNU 13.3.0\n'}
[0.291358] (sllidar_ros2) StdoutLine: {'line': b'-- The C compiler identification is GNU 13.3.0\n'}
[0.309795] (system_launcher) StdoutLine: {'line': b'-- The C compiler identification is GNU 13.3.0\n'}
[0.310234] (-) TimerEvent: {}
[0.410632] (-) TimerEvent: {}
[0.458549] (slam_module) StdoutLine: {'line': b'-- The CXX compiler identification is GNU 13.3.0\n'}
[0.514830] (-) TimerEvent: {}
[0.543125] (slam_module) StdoutLine: {'line': b'-- Detecting C compiler ABI info\n'}
[0.545938] (system_launcher) StdoutLine: {'line': b'-- The CXX compiler identification is GNU 13.3.0\n'}
[0.556923] (nav_module) StdoutLine: {'line': b'-- The CXX compiler identification is GNU 13.3.0\n'}
[0.591603] (sllidar_ros2) StdoutLine: {'line': b'-- The CXX compiler identification is GNU 13.3.0\n'}
[0.608691] (nav_module) StdoutLine: {'line': b'-- Detecting C compiler ABI info\n'}
[0.614992] (-) TimerEvent: {}
[0.642319] (system_launcher) StdoutLine: {'line': b'-- Detecting C compiler ABI info\n'}
[0.669163] (sllidar_ros2) StdoutLine: {'line': b'-- Detecting C compiler ABI info\n'}
[0.717878] (-) TimerEvent: {}
[0.819897] (-) TimerEvent: {}
[0.920439] (-) TimerEvent: {}
[0.941634] (slam_module) StdoutLine: {'line': b'-- Detecting C compiler ABI info - done\n'}
[0.996975] (system_launcher) StdoutLine: {'line': b'-- Detecting C compiler ABI info - done\n'}
[1.004227] (slam_module) StdoutLine: {'line': b'-- Check for working C compiler: /usr/bin/cc - skipped\n'}
[1.006782] (slam_module) StdoutLine: {'line': b'-- Detecting C compile features\n'}
[1.008363] (slam_module) StdoutLine: {'line': b'-- Detecting C compile features - done\n'}
[1.020568] (-) TimerEvent: {}
[1.048855] (slam_module) StdoutLine: {'line': b'-- Detecting CXX compiler ABI info\n'}
[1.067240] (system_launcher) StdoutLine: {'line': b'-- Check for working C compiler: /usr/bin/cc - skipped\n'}
[1.067588] (system_launcher) StdoutLine: {'line': b'-- Detecting C compile features\n'}
[1.067855] (system_launcher) StdoutLine: {'line': b'-- Detecting C compile features - done\n'}
[1.068036] (nav_module) StdoutLine: {'line': b'-- Detecting C compiler ABI info - done\n'}
[1.091410] (system_launcher) StdoutLine: {'line': b'-- Detecting CXX compiler ABI info\n'}
[1.095494] (nav_module) StdoutLine: {'line': b'-- Check for working C compiler: /usr/bin/cc - skipped\n'}
[1.096404] (nav_module) StdoutLine: {'line': b'-- Detecting C compile features\n'}
[1.097910] (nav_module) StdoutLine: {'line': b'-- Detecting C compile features - done\n'}
[1.123071] (-) TimerEvent: {}
[1.156146] (nav_module) StdoutLine: {'line': b'-- Detecting CXX compiler ABI info\n'}
[1.177784] (sllidar_ros2) StdoutLine: {'line': b'-- Detecting C compiler ABI info - done\n'}
[1.214760] (sllidar_ros2) StdoutLine: {'line': b'-- Check for working C compiler: /usr/bin/cc - skipped\n'}
[1.215160] (sllidar_ros2) StdoutLine: {'line': b'-- Detecting C compile features\n'}
[1.215491] (sllidar_ros2) StdoutLine: {'line': b'-- Detecting C compile features - done\n'}
[1.223590] (-) TimerEvent: {}
[1.250170] (sllidar_ros2) StdoutLine: {'line': b'-- Detecting CXX compiler ABI info\n'}
[1.324078] (-) TimerEvent: {}
[1.382601] (slam_module) StdoutLine: {'line': b'-- Detecting CXX compiler ABI info - done\n'}
[1.424261] (-) TimerEvent: {}
[1.425461] (slam_module) StdoutLine: {'line': b'-- Check for working CXX compiler: /usr/bin/c++ - skipped\n'}
[1.426306] (slam_module) StdoutLine: {'line': b'-- Detecting CXX compile features\n'}
[1.429756] (slam_module) StdoutLine: {'line': b'-- Detecting CXX compile features - done\n'}
[1.447452] (slam_module) StdoutLine: {'line': b'-- Found ament_cmake: 2.5.4 (/opt/ros/jazzy/share/ament_cmake/cmake)\n'}
[1.524386] (-) TimerEvent: {}
[1.527792] (nav_module) StdoutLine: {'line': b'-- Detecting CXX compiler ABI info - done\n'}
[1.549907] (nav_module) StdoutLine: {'line': b'-- Check for working CXX compiler: /usr/bin/c++ - skipped\n'}
[1.554566] (nav_module) StdoutLine: {'line': b'-- Detecting CXX compile features\n'}
[1.554770] (nav_module) StdoutLine: {'line': b'-- Detecting CXX compile features - done\n'}
[1.555748] (nav_module) StdoutLine: {'line': b'-- Found ament_cmake: 2.5.4 (/opt/ros/jazzy/share/ament_cmake/cmake)\n'}
[1.581863] (system_launcher) StdoutLine: {'line': b'-- Detecting CXX compiler ABI info - done\n'}
[1.624553] (-) TimerEvent: {}
[1.652862] (system_launcher) StdoutLine: {'line': b'-- Check for working CXX compiler: /usr/bin/c++ - skipped\n'}
[1.654962] (system_launcher) StdoutLine: {'line': b'-- Detecting CXX compile features\n'}
[1.655916] (system_launcher) StdoutLine: {'line': b'-- Detecting CXX compile features - done\n'}
[1.664939] (system_launcher) StdoutLine: {'line': b'-- Found ament_cmake: 2.5.4 (/opt/ros/jazzy/share/ament_cmake/cmake)\n'}
[1.678819] (sllidar_ros2) StdoutLine: {'line': b'-- Detecting CXX compiler ABI info - done\n'}
[1.725767] (-) TimerEvent: {}
[1.742379] (sllidar_ros2) StdoutLine: {'line': b'-- Check for working CXX compiler: /usr/bin/c++ - skipped\n'}
[1.742732] (sllidar_ros2) StdoutLine: {'line': b'-- Detecting CXX compile features\n'}
[1.743506] (sllidar_ros2) StdoutLine: {'line': b'-- Detecting CXX compile features - done\n'}
[1.751292] (sllidar_ros2) StdoutLine: {'line': b'-- Found ament_cmake: 2.5.4 (/opt/ros/jazzy/share/ament_cmake/cmake)\n'}
[1.827944] (-) TimerEvent: {}
[1.930516] (-) TimerEvent: {}
[2.031962] (-) TimerEvent: {}
[2.136936] (-) TimerEvent: {}
[2.170839] (nav_module) StdoutLine: {'line': b'-- Found Python3: /usr/bin/python3 (found version "3.12.3") found components: Interpreter \n'}
[2.237807] (-) TimerEvent: {}
[2.294081] (sllidar_ros2) StdoutLine: {'line': b'-- Found Python3: /usr/bin/python3 (found version "3.12.3") found components: Interpreter \n'}
[2.320827] (slam_module) StdoutLine: {'line': b'-- Found Python3: /usr/bin/python3 (found version "3.12.3") found components: Interpreter \n'}
[2.337933] (-) TimerEvent: {}
[2.347430] (system_launcher) StdoutLine: {'line': b'-- Found Python3: /usr/bin/python3 (found version "3.12.3") found components: Interpreter \n'}
[2.438085] (-) TimerEvent: {}
[2.541048] (-) TimerEvent: {}
[2.567561] (sllidar_ros2) StdoutLine: {'line': b'-- Found rclcpp: 28.1.9 (/opt/ros/jazzy/share/rclcpp/cmake)\n'}
[2.641167] (-) TimerEvent: {}
[2.648845] (sllidar_ros2) StdoutLine: {'line': b'-- Found rosidl_generator_c: 4.6.5 (/opt/ros/jazzy/share/rosidl_generator_c/cmake)\n'}
[2.678700] (sllidar_ros2) StdoutLine: {'line': b'-- Found rosidl_generator_cpp: 4.6.5 (/opt/ros/jazzy/share/rosidl_generator_cpp/cmake)\n'}
[2.708969] (sllidar_ros2) StdoutLine: {'line': b'-- Using all available rosidl_typesupport_c: rosidl_typesupport_fastrtps_c;rosidl_typesupport_introspection_c\n'}
[2.741366] (-) TimerEvent: {}
[2.748398] (sllidar_ros2) StdoutLine: {'line': b'-- Using all available rosidl_typesupport_cpp: rosidl_typesupport_fastrtps_cpp;rosidl_typesupport_introspection_cpp\n'}
[2.808538] (nav_module) StdoutLine: {'line': b'-- Found rclcpp: 28.1.9 (/opt/ros/jazzy/share/rclcpp/cmake)\n'}
[2.842691] (-) TimerEvent: {}
[2.892875] (sllidar_ros2) StdoutLine: {'line': b'-- Found rmw_implementation_cmake: 7.3.2 (/opt/ros/jazzy/share/rmw_implementation_cmake/cmake)\n'}
[2.897440] (sllidar_ros2) StdoutLine: {'line': b'-- Found rmw_fastrtps_cpp: 8.4.2 (/opt/ros/jazzy/share/rmw_fastrtps_cpp/cmake)\n'}
[2.904792] (nav_module) StdoutLine: {'line': b'-- Found rosidl_generator_c: 4.6.5 (/opt/ros/jazzy/share/rosidl_generator_c/cmake)\n'}
[2.943829] (-) TimerEvent: {}
[2.944268] (nav_module) StdoutLine: {'line': b'-- Found rosidl_generator_cpp: 4.6.5 (/opt/ros/jazzy/share/rosidl_generator_cpp/cmake)\n'}
[2.952257] (slam_module) StdoutLine: {'line': b'-- Found rclcpp: 28.1.9 (/opt/ros/jazzy/share/rclcpp/cmake)\n'}
[2.991809] (nav_module) StdoutLine: {'line': b'-- Using all available rosidl_typesupport_c: rosidl_typesupport_fastrtps_c;rosidl_typesupport_introspection_c\n'}
[3.035478] (system_launcher) StdoutLine: {'line': b'-- Configuring done (2.9s)\n'}
[3.036123] (nav_module) StdoutLine: {'line': b'-- Using all available rosidl_typesupport_cpp: rosidl_typesupport_fastrtps_cpp;rosidl_typesupport_introspection_cpp\n'}
[3.045359] (-) TimerEvent: {}
[3.047631] (system_launcher) StdoutLine: {'line': b'-- Generating done (0.0s)\n'}
[3.056730] (system_launcher) StdoutLine: {'line': b'-- Build files have been written to: /home/raspi/Robots4ChildrenWithDisabilities/ROS2/ros2_ws/build/system_launcher\n'}
[3.072705] (slam_module) StdoutLine: {'line': b'-- Found rosidl_generator_c: 4.6.5 (/opt/ros/jazzy/share/rosidl_generator_c/cmake)\n'}
[3.095390] (system_launcher) CommandEnded: {'returncode': 0}
[3.098618] (system_launcher) JobProgress: {'identifier': 'system_launcher', 'progress': 'build'}
[3.098741] (system_launcher) Command: {'cmd': ['/usr/bin/cmake', '--build', '/home/raspi/Robots4ChildrenWithDisabilities/ROS2/ros2_ws/build/system_launcher', '--', '-j4', '-l4'], 'cwd': '/home/raspi/Robots4ChildrenWithDisabilities/ROS2/ros2_ws/build/system_launcher', 'env': OrderedDict({'LESSOPEN': '| /usr/bin/lesspipe %s', 'USER': 'raspi', 'SSH_CLIENT': '192.168.137.1 59943 22', 'XDG_SESSION_TYPE': 'tty', 'GIT_ASKPASS': '/home/raspi/.vscode-server/cli/servers/Stable-848b80aeb52026648a8ff9f7c45a9b0a80641e2e/server/extensions/git/dist/askpass.sh', 'SHLVL': '1', 'LD_LIBRARY_PATH': '/opt/ros/jazzy/opt/rviz_ogre_vendor/lib:/opt/ros/jazzy/lib/aarch64-linux-gnu:/opt/ros/jazzy/opt/gz_math_vendor/lib:/opt/ros/jazzy/opt/gz_utils_vendor/lib:/opt/ros/jazzy/opt/gz_cmake_vendor/lib:/opt/ros/jazzy/lib', 'BROWSER': '/home/raspi/.vscode-server/cli/servers/Stable-848b80aeb52026648a8ff9f7c45a9b0a80641e2e/server/bin/helpers/browser.sh', 'HOME': '/home/raspi', 'OLDPWD': '/home/raspi', 'TERM_PROGRAM_VERSION': '1.100.2', 'VSCODE_IPC_HOOK_CLI': '/run/user/1000/vscode-ipc-b1383dd9-a613-44c9-928d-8f6e3dd42d38.sock', 'ROS_PYTHON_VERSION': '3', 'VSCODE_GIT_ASKPASS_MAIN': '/home/raspi/.vscode-server/cli/servers/Stable-848b80aeb52026648a8ff9f7c45a9b0a80641e2e/server/extensions/git/dist/askpass-main.js', 'VSCODE_GIT_ASKPASS_NODE': '/home/raspi/.vscode-server/cli/servers/Stable-848b80aeb52026648a8ff9f7c45a9b0a80641e2e/server/node', 'SSL_CERT_FILE': '/usr/lib/ssl/cert.pem', 'PYDEVD_DISABLE_FILE_VALIDATION': '1', 'BUNDLED_DEBUGPY_PATH': '/home/raspi/.vscode-server/extensions/ms-python.debugpy-2025.8.0-linux-arm64/bundled/libs/debugpy', 'DBUS_SESSION_BUS_ADDRESS': 'unix:path=/run/user/1000/bus', 'COLORTERM': 'truecolor', 'ROS_DISTRO': 'jazzy', 'LOGNAME': 'raspi', '_': '/usr/bin/colcon', 'ROS_VERSION': '2', 'XDG_SESSION_CLASS': 'user', 'TERM': 'xterm-256color', 'XDG_SESSION_ID': '1', 'PATH': '/home/raspi/.vscode-server/cli/servers/Stable-848b80aeb52026648a8ff9f7c45a9b0a80641e2e/server/bin/remote-cli:/home/raspi/.local/bin:/opt/ros/jazzy/bin:/usr/local/sbin:/usr/local/bin:/usr/sbin:/usr/bin:/sbin:/bin:/usr/games:/usr/local/games:/snap/bin:/home/raspi/.local/bin:/home/raspi/.local/bin:/home/raspi/.vscode-server/extensions/ms-python.debugpy-2025.8.0-linux-arm64/bundled/scripts/noConfigScripts:/home/raspi/.vscode-server/data/User/globalStorage/github.copilot-chat/debugCommand:/home/raspi/.local/bin', 'XDG_RUNTIME_DIR': '/run/user/1000', 'SSL_CERT_DIR': '/usr/lib/ssl/certs', 'VSCODE_DEBUGPY_ADAPTER_ENDPOINTS': '/home/raspi/.vscode-server/extensions/ms-python.debugpy-2025.8.0-linux-arm64/.noConfigDebugAdapterEndpoints/endpoint-c5a373403f01ae8b.txt', 'LANG': 'C.UTF-8', 'LS_COLORS': 'rs=0:di=01;34:ln=01;36:mh=00:pi=40;33:so=01;35:do=01;35:bd=40;33;01:cd=40;33;01:or=40;31;01:mi=00:su=37;41:sg=30;43:ca=00:tw=30;42:ow=34;42:st=37;44:ex=01;32:*.tar=01;31:*.tgz=01;31:*.arc=01;31:*.arj=01;31:*.taz=01;31:*.lha=01;31:*.lz4=01;31:*.lzh=01;31:*.lzma=01;31:*.tlz=01;31:*.txz=01;31:*.tzo=01;31:*.t7z=01;31:*.zip=01;31:*.z=01;31:*.dz=01;31:*.gz=01;31:*.lrz=01;31:*.lz=01;31:*.lzo=01;31:*.xz=01;31:*.zst=01;31:*.tzst=01;31:*.bz2=01;31:*.bz=01;31:*.tbz=01;31:*.tbz2=01;31:*.tz=01;31:*.deb=01;31:*.rpm=01;31:*.jar=01;31:*.war=01;31:*.ear=01;31:*.sar=01;31:*.rar=01;31:*.alz=01;31:*.ace=01;31:*.zoo=01;31:*.cpio=01;31:*.7z=01;31:*.rz=01;31:*.cab=01;31:*.wim=01;31:*.swm=01;31:*.dwm=01;31:*.esd=01;31:*.avif=01;35:*.jpg=01;35:*.jpeg=01;35:*.mjpg=01;35:*.mjpeg=01;35:*.gif=01;35:*.bmp=01;35:*.pbm=01;35:*.pgm=01;35:*.ppm=01;35:*.tga=01;35:*.xbm=01;35:*.xpm=01;35:*.tif=01;35:*.tiff=01;35:*.png=01;35:*.svg=01;35:*.svgz=01;35:*.mng=01;35:*.pcx=01;35:*.mov=01;35:*.mpg=01;35:*.mpeg=01;35:*.m2v=01;35:*.mkv=01;35:*.webm=01;35:*.webp=01;35:*.ogm=01;35:*.mp4=01;35:*.m4v=01;35:*.mp4v=01;35:*.vob=01;35:*.qt=01;35:*.nuv=01;35:*.wmv=01;35:*.asf=01;35:*.rm=01;35:*.rmvb=01;35:*.flc=01;35:*.avi=01;35:*.fli=01;35:*.flv=01;35:*.gl=01;35:*.dl=01;35:*.xcf=01;35:*.xwd=01;35:*.yuv=01;35:*.cgm=01;35:*.emf=01;35:*.ogv=01;35:*.ogx=01;35:*.aac=00;36:*.au=00;36:*.flac=00;36:*.m4a=00;36:*.mid=00;36:*.midi=00;36:*.mka=00;36:*.mp3=00;36:*.mpc=00;36:*.ogg=00;36:*.ra=00;36:*.wav=00;36:*.oga=00;36:*.opus=00;36:*.spx=00;36:*.xspf=00;36:*~=00;90:*#=00;90:*.bak=00;90:*.crdownload=00;90:*.dpkg-dist=00;90:*.dpkg-new=00;90:*.dpkg-old=00;90:*.dpkg-tmp=00;90:*.old=00;90:*.orig=00;90:*.part=00;90:*.rej=00;90:*.rpmnew=00;90:*.rpmorig=00;90:*.rpmsave=00;90:*.swp=00;90:*.tmp=00;90:*.ucf-dist=00;90:*.ucf-new=00;90:*.ucf-old=00;90:', 'VSCODE_GIT_IPC_HANDLE': '/run/user/1000/vscode-git-5d39144d8a.sock', 'TERM_PROGRAM': 'vscode', 'AMENT_PREFIX_PATH': '/opt/ros/jazzy', 'SHELL': '/bin/bash', 'LESSCLOSE': '/usr/bin/lesspipe %s %s', 'ROS_AUTOMATIC_DISCOVERY_RANGE': 'SUBNET', 'VSCODE_GIT_ASKPASS_EXTRA_ARGS': '', 'PWD': '/home/raspi/Robots4ChildrenWithDisabilities/ROS2/ros2_ws/build/system_launcher', 'SSH_CONNECTION': '192.168.137.1 59943 192.168.137.71 22', 'XDG_DATA_DIRS': '/usr/share/gnome:/usr/local/share:/usr/share:/var/lib/snapd/desktop', 'PYTHONPATH': '/opt/ros/jazzy/lib/python3.12/site-packages', 'COLCON': '1', 'CMAKE_PREFIX_PATH': '/opt/ros/jazzy/opt/gz_math_vendor:/opt/ros/jazzy/opt/gz_utils_vendor:/opt/ros/jazzy/opt/gz_cmake_vendor:/opt/ros/jazzy'}), 'shell': False}
[3.103547] (slam_module) StdoutLine: {'line': b'-- Found rosidl_generator_cpp: 4.6.5 (/opt/ros/jazzy/share/rosidl_generator_cpp/cmake)\n'}
[3.132136] (slam_module) StdoutLine: {'line': b'-- Using all available rosidl_typesupport_c: rosidl_typesupport_fastrtps_c;rosidl_typesupport_introspection_c\n'}
[3.145490] (-) TimerEvent: {}
[3.150397] (sllidar_ros2) StdoutLine: {'line': b'-- Found OpenSSL: /usr/lib/aarch64-linux-gnu/libcrypto.so (found version "3.0.13")  \n'}
[3.167763] (slam_module) StdoutLine: {'line': b'-- Using all available rosidl_typesupport_cpp: rosidl_typesupport_fastrtps_cpp;rosidl_typesupport_introspection_cpp\n'}
[3.219841] (sllidar_ros2) StdoutLine: {'line': b'-- Found FastRTPS: /opt/ros/jazzy/include (Required is at least version "2.13") \n'}
[3.226133] (nav_module) StdoutLine: {'line': b'-- Found rmw_implementation_cmake: 7.3.2 (/opt/ros/jazzy/share/rmw_implementation_cmake/cmake)\n'}
[3.235727] (nav_module) StdoutLine: {'line': b'-- Found rmw_fastrtps_cpp: 8.4.2 (/opt/ros/jazzy/share/rmw_fastrtps_cpp/cmake)\n'}
[3.245904] (-) TimerEvent: {}
[3.309319] (system_launcher) CommandEnded: {'returncode': 0}
[3.309833] (system_launcher) JobProgress: {'identifier': 'system_launcher', 'progress': 'install'}
[3.313783] (slam_module) StdoutLine: {'line': b'-- Found rmw_implementation_cmake: 7.3.2 (/opt/ros/jazzy/share/rmw_implementation_cmake/cmake)\n'}
[3.320833] (slam_module) StdoutLine: {'line': b'-- Found rmw_fastrtps_cpp: 8.4.2 (/opt/ros/jazzy/share/rmw_fastrtps_cpp/cmake)\n'}
[3.343482] (system_launcher) Command: {'cmd': ['/usr/bin/cmake', '--install', '/home/raspi/Robots4ChildrenWithDisabilities/ROS2/ros2_ws/build/system_launcher'], 'cwd': '/home/raspi/Robots4ChildrenWithDisabilities/ROS2/ros2_ws/build/system_launcher', 'env': OrderedDict({'LESSOPEN': '| /usr/bin/lesspipe %s', 'USER': 'raspi', 'SSH_CLIENT': '192.168.137.1 59943 22', 'XDG_SESSION_TYPE': 'tty', 'GIT_ASKPASS': '/home/raspi/.vscode-server/cli/servers/Stable-848b80aeb52026648a8ff9f7c45a9b0a80641e2e/server/extensions/git/dist/askpass.sh', 'SHLVL': '1', 'LD_LIBRARY_PATH': '/opt/ros/jazzy/opt/rviz_ogre_vendor/lib:/opt/ros/jazzy/lib/aarch64-linux-gnu:/opt/ros/jazzy/opt/gz_math_vendor/lib:/opt/ros/jazzy/opt/gz_utils_vendor/lib:/opt/ros/jazzy/opt/gz_cmake_vendor/lib:/opt/ros/jazzy/lib', 'BROWSER': '/home/raspi/.vscode-server/cli/servers/Stable-848b80aeb52026648a8ff9f7c45a9b0a80641e2e/server/bin/helpers/browser.sh', 'HOME': '/home/raspi', 'OLDPWD': '/home/raspi', 'TERM_PROGRAM_VERSION': '1.100.2', 'VSCODE_IPC_HOOK_CLI': '/run/user/1000/vscode-ipc-b1383dd9-a613-44c9-928d-8f6e3dd42d38.sock', 'ROS_PYTHON_VERSION': '3', 'VSCODE_GIT_ASKPASS_MAIN': '/home/raspi/.vscode-server/cli/servers/Stable-848b80aeb52026648a8ff9f7c45a9b0a80641e2e/server/extensions/git/dist/askpass-main.js', 'VSCODE_GIT_ASKPASS_NODE': '/home/raspi/.vscode-server/cli/servers/Stable-848b80aeb52026648a8ff9f7c45a9b0a80641e2e/server/node', 'SSL_CERT_FILE': '/usr/lib/ssl/cert.pem', 'PYDEVD_DISABLE_FILE_VALIDATION': '1', 'BUNDLED_DEBUGPY_PATH': '/home/raspi/.vscode-server/extensions/ms-python.debugpy-2025.8.0-linux-arm64/bundled/libs/debugpy', 'DBUS_SESSION_BUS_ADDRESS': 'unix:path=/run/user/1000/bus', 'COLORTERM': 'truecolor', 'ROS_DISTRO': 'jazzy', 'LOGNAME': 'raspi', '_': '/usr/bin/colcon', 'ROS_VERSION': '2', 'XDG_SESSION_CLASS': 'user', 'TERM': 'xterm-256color', 'XDG_SESSION_ID': '1', 'PATH': '/home/raspi/.vscode-server/cli/servers/Stable-848b80aeb52026648a8ff9f7c45a9b0a80641e2e/server/bin/remote-cli:/home/raspi/.local/bin:/opt/ros/jazzy/bin:/usr/local/sbin:/usr/local/bin:/usr/sbin:/usr/bin:/sbin:/bin:/usr/games:/usr/local/games:/snap/bin:/home/raspi/.local/bin:/home/raspi/.local/bin:/home/raspi/.vscode-server/extensions/ms-python.debugpy-2025.8.0-linux-arm64/bundled/scripts/noConfigScripts:/home/raspi/.vscode-server/data/User/globalStorage/github.copilot-chat/debugCommand:/home/raspi/.local/bin', 'XDG_RUNTIME_DIR': '/run/user/1000', 'SSL_CERT_DIR': '/usr/lib/ssl/certs', 'VSCODE_DEBUGPY_ADAPTER_ENDPOINTS': '/home/raspi/.vscode-server/extensions/ms-python.debugpy-2025.8.0-linux-arm64/.noConfigDebugAdapterEndpoints/endpoint-c5a373403f01ae8b.txt', 'LANG': 'C.UTF-8', 'LS_COLORS': 'rs=0:di=01;34:ln=01;36:mh=00:pi=40;33:so=01;35:do=01;35:bd=40;33;01:cd=40;33;01:or=40;31;01:mi=00:su=37;41:sg=30;43:ca=00:tw=30;42:ow=34;42:st=37;44:ex=01;32:*.tar=01;31:*.tgz=01;31:*.arc=01;31:*.arj=01;31:*.taz=01;31:*.lha=01;31:*.lz4=01;31:*.lzh=01;31:*.lzma=01;31:*.tlz=01;31:*.txz=01;31:*.tzo=01;31:*.t7z=01;31:*.zip=01;31:*.z=01;31:*.dz=01;31:*.gz=01;31:*.lrz=01;31:*.lz=01;31:*.lzo=01;31:*.xz=01;31:*.zst=01;31:*.tzst=01;31:*.bz2=01;31:*.bz=01;31:*.tbz=01;31:*.tbz2=01;31:*.tz=01;31:*.deb=01;31:*.rpm=01;31:*.jar=01;31:*.war=01;31:*.ear=01;31:*.sar=01;31:*.rar=01;31:*.alz=01;31:*.ace=01;31:*.zoo=01;31:*.cpio=01;31:*.7z=01;31:*.rz=01;31:*.cab=01;31:*.wim=01;31:*.swm=01;31:*.dwm=01;31:*.esd=01;31:*.avif=01;35:*.jpg=01;35:*.jpeg=01;35:*.mjpg=01;35:*.mjpeg=01;35:*.gif=01;35:*.bmp=01;35:*.pbm=01;35:*.pgm=01;35:*.ppm=01;35:*.tga=01;35:*.xbm=01;35:*.xpm=01;35:*.tif=01;35:*.tiff=01;35:*.png=01;35:*.svg=01;35:*.svgz=01;35:*.mng=01;35:*.pcx=01;35:*.mov=01;35:*.mpg=01;35:*.mpeg=01;35:*.m2v=01;35:*.mkv=01;35:*.webm=01;35:*.webp=01;35:*.ogm=01;35:*.mp4=01;35:*.m4v=01;35:*.mp4v=01;35:*.vob=01;35:*.qt=01;35:*.nuv=01;35:*.wmv=01;35:*.asf=01;35:*.rm=01;35:*.rmvb=01;35:*.flc=01;35:*.avi=01;35:*.fli=01;35:*.flv=01;35:*.gl=01;35:*.dl=01;35:*.xcf=01;35:*.xwd=01;35:*.yuv=01;35:*.cgm=01;35:*.emf=01;35:*.ogv=01;35:*.ogx=01;35:*.aac=00;36:*.au=00;36:*.flac=00;36:*.m4a=00;36:*.mid=00;36:*.midi=00;36:*.mka=00;36:*.mp3=00;36:*.mpc=00;36:*.ogg=00;36:*.ra=00;36:*.wav=00;36:*.oga=00;36:*.opus=00;36:*.spx=00;36:*.xspf=00;36:*~=00;90:*#=00;90:*.bak=00;90:*.crdownload=00;90:*.dpkg-dist=00;90:*.dpkg-new=00;90:*.dpkg-old=00;90:*.dpkg-tmp=00;90:*.old=00;90:*.orig=00;90:*.part=00;90:*.rej=00;90:*.rpmnew=00;90:*.rpmorig=00;90:*.rpmsave=00;90:*.swp=00;90:*.tmp=00;90:*.ucf-dist=00;90:*.ucf-new=00;90:*.ucf-old=00;90:', 'VSCODE_GIT_IPC_HANDLE': '/run/user/1000/vscode-git-5d39144d8a.sock', 'TERM_PROGRAM': 'vscode', 'AMENT_PREFIX_PATH': '/opt/ros/jazzy', 'SHELL': '/bin/bash', 'LESSCLOSE': '/usr/bin/lesspipe %s %s', 'ROS_AUTOMATIC_DISCOVERY_RANGE': 'SUBNET', 'VSCODE_GIT_ASKPASS_EXTRA_ARGS': '', 'PWD': '/home/raspi/Robots4ChildrenWithDisabilities/ROS2/ros2_ws/build/system_launcher', 'SSH_CONNECTION': '192.168.137.1 59943 192.168.137.71 22', 'XDG_DATA_DIRS': '/usr/share/gnome:/usr/local/share:/usr/share:/var/lib/snapd/desktop', 'PYTHONPATH': '/opt/ros/jazzy/lib/python3.12/site-packages', 'COLCON': '1', 'CMAKE_PREFIX_PATH': '/opt/ros/jazzy/opt/gz_math_vendor:/opt/ros/jazzy/opt/gz_utils_vendor:/opt/ros/jazzy/opt/gz_cmake_vendor:/opt/ros/jazzy'}), 'shell': False}
[3.348232] (sllidar_ros2) StdoutLine: {'line': b"-- Using RMW implementation 'rmw_fastrtps_cpp' as default\n"}
[3.348579] (-) TimerEvent: {}
[3.371150] (system_launcher) StdoutLine: {'line': b'-- Install configuration: ""\n'}
[3.371549] (system_launcher) StdoutLine: {'line': b'-- Installing: /home/raspi/Robots4ChildrenWithDisabilities/ROS2/ros2_ws/install/system_launcher/share/system_launcher/launch\n'}
[3.371756] (system_launcher) StdoutLine: {'line': b'-- Installing: /home/raspi/Robots4ChildrenWithDisabilities/ROS2/ros2_ws/install/system_launcher/share/system_launcher/launch/system.launch.py\n'}
[3.371988] (system_launcher) StdoutLine: {'line': b'-- Installing: /home/raspi/Robots4ChildrenWithDisabilities/ROS2/ros2_ws/install/system_launcher/share/system_launcher/package.xml\n'}
[3.372365] (system_launcher) StdoutLine: {'line': b'-- Installing: /home/raspi/Robots4ChildrenWithDisabilities/ROS2/ros2_ws/install/system_launcher/share/ament_index/resource_index/package_run_dependencies/system_launcher\n'}
[3.372733] (system_launcher) StdoutLine: {'line': b'-- Installing: /home/raspi/Robots4ChildrenWithDisabilities/ROS2/ros2_ws/install/system_launcher/share/ament_index/resource_index/parent_prefix_path/system_launcher\n'}
[3.373058] (system_launcher) StdoutLine: {'line': b'-- Installing: /home/raspi/Robots4ChildrenWithDisabilities/ROS2/ros2_ws/install/system_launcher/share/system_launcher/environment/ament_prefix_path.sh\n'}
[3.373293] (system_launcher) StdoutLine: {'line': b'-- Installing: /home/raspi/Robots4ChildrenWithDisabilities/ROS2/ros2_ws/install/system_launcher/share/system_launcher/environment/ament_prefix_path.dsv\n'}
[3.373550] (system_launcher) StdoutLine: {'line': b'-- Installing: /home/raspi/Robots4ChildrenWithDisabilities/ROS2/ros2_ws/install/system_launcher/share/system_launcher/environment/path.sh\n'}
[3.374745] (system_launcher) StdoutLine: {'line': b'-- Installing: /home/raspi/Robots4ChildrenWithDisabilities/ROS2/ros2_ws/install/system_launcher/share/system_launcher/environment/path.dsv\n'}
[3.375110] (system_launcher) StdoutLine: {'line': b'-- Installing: /home/raspi/Robots4ChildrenWithDisabilities/ROS2/ros2_ws/install/system_launcher/share/system_launcher/local_setup.bash\n'}
[3.375309] (system_launcher) StdoutLine: {'line': b'-- Installing: /home/raspi/Robots4ChildrenWithDisabilities/ROS2/ros2_ws/install/system_launcher/share/system_launcher/local_setup.sh\n'}
[3.375968] (system_launcher) StdoutLine: {'line': b'-- Installing: /home/raspi/Robots4ChildrenWithDisabilities/ROS2/ros2_ws/install/system_launcher/share/system_launcher/local_setup.zsh\n'}
[3.376375] (system_launcher) StdoutLine: {'line': b'-- Installing: /home/raspi/Robots4ChildrenWithDisabilities/ROS2/ros2_ws/install/system_launcher/share/system_launcher/local_setup.dsv\n'}
[3.379299] (system_launcher) StdoutLine: {'line': b'-- Installing: /home/raspi/Robots4ChildrenWithDisabilities/ROS2/ros2_ws/install/system_launcher/share/system_launcher/package.dsv\n'}
[3.379611] (system_launcher) StdoutLine: {'line': b'-- Installing: /home/raspi/Robots4ChildrenWithDisabilities/ROS2/ros2_ws/install/system_launcher/share/ament_index/resource_index/packages/system_launcher\n'}
[3.379836] (system_launcher) StdoutLine: {'line': b'-- Installing: /home/raspi/Robots4ChildrenWithDisabilities/ROS2/ros2_ws/install/system_launcher/share/system_launcher/cmake/system_launcherConfig.cmake\n'}
[3.379970] (system_launcher) StdoutLine: {'line': b'-- Installing: /home/raspi/Robots4ChildrenWithDisabilities/ROS2/ros2_ws/install/system_launcher/share/system_launcher/cmake/system_launcherConfig-version.cmake\n'}
[3.384612] (system_launcher) StdoutLine: {'line': b'-- Up-to-date: /home/raspi/Robots4ChildrenWithDisabilities/ROS2/ros2_ws/install/system_launcher/share/system_launcher/package.xml\n'}
[3.388939] (system_launcher) CommandEnded: {'returncode': 0}
[3.430008] (system_launcher) JobEnded: {'identifier': 'system_launcher', 'rc': 0}
[3.449817] (-) TimerEvent: {}
[3.481248] (nav_module) StdoutLine: {'line': b'-- Found OpenSSL: /usr/lib/aarch64-linux-gnu/libcrypto.so (found version "3.0.13")  \n'}
[3.524421] (nav_module) StdoutLine: {'line': b'-- Found FastRTPS: /opt/ros/jazzy/include (Required is at least version "2.13") \n'}
[3.549964] (-) TimerEvent: {}
[3.575349] (slam_module) StdoutLine: {'line': b'-- Found OpenSSL: /usr/lib/aarch64-linux-gnu/libcrypto.so (found version "3.0.13")  \n'}
[3.584779] (nav_module) StdoutLine: {'line': b"-- Using RMW implementation 'rmw_fastrtps_cpp' as default\n"}
[3.598284] (sllidar_ros2) StdoutLine: {'line': b'-- Found sensor_msgs: 5.3.6 (/opt/ros/jazzy/share/sensor_msgs/cmake)\n'}
[3.609887] (slam_module) StdoutLine: {'line': b'-- Found FastRTPS: /opt/ros/jazzy/include (Required is at least version "2.13") \n'}
[3.650120] (-) TimerEvent: {}
[3.675800] (slam_module) StdoutLine: {'line': b"-- Using RMW implementation 'rmw_fastrtps_cpp' as default\n"}
[3.721410] (sllidar_ros2) StdoutLine: {'line': b'-- Found std_srvs: 5.3.6 (/opt/ros/jazzy/share/std_srvs/cmake)\n'}
[3.750241] (-) TimerEvent: {}
[3.851782] (-) TimerEvent: {}
[3.952225] (-) TimerEvent: {}
[4.013236] (nav_module) StdoutLine: {'line': b'-- Configuring done (4.0s)\n'}
[4.035833] (sllidar_ros2) StdoutLine: {'line': b'-- Configuring done (4.0s)\n'}
[4.054757] (nav_module) StdoutLine: {'line': b'-- Generating done (0.0s)\n'}
[4.055081] (-) TimerEvent: {}
[4.067222] (nav_module) StdoutLine: {'line': b'-- Build files have been written to: /home/raspi/Robots4ChildrenWithDisabilities/ROS2/ros2_ws/build/nav_module\n'}
[4.079899] (sllidar_ros2) StdoutLine: {'line': b'-- Generating done (0.0s)\n'}
[4.097417] (sllidar_ros2) StdoutLine: {'line': b'-- Build files have been written to: /home/raspi/Robots4ChildrenWithDisabilities/ROS2/ros2_ws/build/sllidar_ros2\n'}
[4.130648] (nav_module) CommandEnded: {'returncode': 0}
[4.132008] (nav_module) JobProgress: {'identifier': 'nav_module', 'progress': 'build'}
[4.132786] (nav_module) Command: {'cmd': ['/usr/bin/cmake', '--build', '/home/raspi/Robots4ChildrenWithDisabilities/ROS2/ros2_ws/build/nav_module', '--', '-j4', '-l4'], 'cwd': '/home/raspi/Robots4ChildrenWithDisabilities/ROS2/ros2_ws/build/nav_module', 'env': OrderedDict({'LESSOPEN': '| /usr/bin/lesspipe %s', 'USER': 'raspi', 'SSH_CLIENT': '192.168.137.1 59943 22', 'XDG_SESSION_TYPE': 'tty', 'GIT_ASKPASS': '/home/raspi/.vscode-server/cli/servers/Stable-848b80aeb52026648a8ff9f7c45a9b0a80641e2e/server/extensions/git/dist/askpass.sh', 'SHLVL': '1', 'LD_LIBRARY_PATH': '/opt/ros/jazzy/opt/rviz_ogre_vendor/lib:/opt/ros/jazzy/lib/aarch64-linux-gnu:/opt/ros/jazzy/opt/gz_math_vendor/lib:/opt/ros/jazzy/opt/gz_utils_vendor/lib:/opt/ros/jazzy/opt/gz_cmake_vendor/lib:/opt/ros/jazzy/lib', 'BROWSER': '/home/raspi/.vscode-server/cli/servers/Stable-848b80aeb52026648a8ff9f7c45a9b0a80641e2e/server/bin/helpers/browser.sh', 'HOME': '/home/raspi', 'OLDPWD': '/home/raspi', 'TERM_PROGRAM_VERSION': '1.100.2', 'VSCODE_IPC_HOOK_CLI': '/run/user/1000/vscode-ipc-b1383dd9-a613-44c9-928d-8f6e3dd42d38.sock', 'ROS_PYTHON_VERSION': '3', 'VSCODE_GIT_ASKPASS_MAIN': '/home/raspi/.vscode-server/cli/servers/Stable-848b80aeb52026648a8ff9f7c45a9b0a80641e2e/server/extensions/git/dist/askpass-main.js', 'VSCODE_GIT_ASKPASS_NODE': '/home/raspi/.vscode-server/cli/servers/Stable-848b80aeb52026648a8ff9f7c45a9b0a80641e2e/server/node', 'SSL_CERT_FILE': '/usr/lib/ssl/cert.pem', 'PYDEVD_DISABLE_FILE_VALIDATION': '1', 'BUNDLED_DEBUGPY_PATH': '/home/raspi/.vscode-server/extensions/ms-python.debugpy-2025.8.0-linux-arm64/bundled/libs/debugpy', 'DBUS_SESSION_BUS_ADDRESS': 'unix:path=/run/user/1000/bus', 'COLORTERM': 'truecolor', 'ROS_DISTRO': 'jazzy', 'LOGNAME': 'raspi', '_': '/usr/bin/colcon', 'ROS_VERSION': '2', 'XDG_SESSION_CLASS': 'user', 'TERM': 'xterm-256color', 'XDG_SESSION_ID': '1', 'PATH': '/home/raspi/.vscode-server/cli/servers/Stable-848b80aeb52026648a8ff9f7c45a9b0a80641e2e/server/bin/remote-cli:/home/raspi/.local/bin:/opt/ros/jazzy/bin:/usr/local/sbin:/usr/local/bin:/usr/sbin:/usr/bin:/sbin:/bin:/usr/games:/usr/local/games:/snap/bin:/home/raspi/.local/bin:/home/raspi/.local/bin:/home/raspi/.vscode-server/extensions/ms-python.debugpy-2025.8.0-linux-arm64/bundled/scripts/noConfigScripts:/home/raspi/.vscode-server/data/User/globalStorage/github.copilot-chat/debugCommand:/home/raspi/.local/bin', 'XDG_RUNTIME_DIR': '/run/user/1000', 'SSL_CERT_DIR': '/usr/lib/ssl/certs', 'VSCODE_DEBUGPY_ADAPTER_ENDPOINTS': '/home/raspi/.vscode-server/extensions/ms-python.debugpy-2025.8.0-linux-arm64/.noConfigDebugAdapterEndpoints/endpoint-c5a373403f01ae8b.txt', 'LANG': 'C.UTF-8', 'LS_COLORS': 'rs=0:di=01;34:ln=01;36:mh=00:pi=40;33:so=01;35:do=01;35:bd=40;33;01:cd=40;33;01:or=40;31;01:mi=00:su=37;41:sg=30;43:ca=00:tw=30;42:ow=34;42:st=37;44:ex=01;32:*.tar=01;31:*.tgz=01;31:*.arc=01;31:*.arj=01;31:*.taz=01;31:*.lha=01;31:*.lz4=01;31:*.lzh=01;31:*.lzma=01;31:*.tlz=01;31:*.txz=01;31:*.tzo=01;31:*.t7z=01;31:*.zip=01;31:*.z=01;31:*.dz=01;31:*.gz=01;31:*.lrz=01;31:*.lz=01;31:*.lzo=01;31:*.xz=01;31:*.zst=01;31:*.tzst=01;31:*.bz2=01;31:*.bz=01;31:*.tbz=01;31:*.tbz2=01;31:*.tz=01;31:*.deb=01;31:*.rpm=01;31:*.jar=01;31:*.war=01;31:*.ear=01;31:*.sar=01;31:*.rar=01;31:*.alz=01;31:*.ace=01;31:*.zoo=01;31:*.cpio=01;31:*.7z=01;31:*.rz=01;31:*.cab=01;31:*.wim=01;31:*.swm=01;31:*.dwm=01;31:*.esd=01;31:*.avif=01;35:*.jpg=01;35:*.jpeg=01;35:*.mjpg=01;35:*.mjpeg=01;35:*.gif=01;35:*.bmp=01;35:*.pbm=01;35:*.pgm=01;35:*.ppm=01;35:*.tga=01;35:*.xbm=01;35:*.xpm=01;35:*.tif=01;35:*.tiff=01;35:*.png=01;35:*.svg=01;35:*.svgz=01;35:*.mng=01;35:*.pcx=01;35:*.mov=01;35:*.mpg=01;35:*.mpeg=01;35:*.m2v=01;35:*.mkv=01;35:*.webm=01;35:*.webp=01;35:*.ogm=01;35:*.mp4=01;35:*.m4v=01;35:*.mp4v=01;35:*.vob=01;35:*.qt=01;35:*.nuv=01;35:*.wmv=01;35:*.asf=01;35:*.rm=01;35:*.rmvb=01;35:*.flc=01;35:*.avi=01;35:*.fli=01;35:*.flv=01;35:*.gl=01;35:*.dl=01;35:*.xcf=01;35:*.xwd=01;35:*.yuv=01;35:*.cgm=01;35:*.emf=01;35:*.ogv=01;35:*.ogx=01;35:*.aac=00;36:*.au=00;36:*.flac=00;36:*.m4a=00;36:*.mid=00;36:*.midi=00;36:*.mka=00;36:*.mp3=00;36:*.mpc=00;36:*.ogg=00;36:*.ra=00;36:*.wav=00;36:*.oga=00;36:*.opus=00;36:*.spx=00;36:*.xspf=00;36:*~=00;90:*#=00;90:*.bak=00;90:*.crdownload=00;90:*.dpkg-dist=00;90:*.dpkg-new=00;90:*.dpkg-old=00;90:*.dpkg-tmp=00;90:*.old=00;90:*.orig=00;90:*.part=00;90:*.rej=00;90:*.rpmnew=00;90:*.rpmorig=00;90:*.rpmsave=00;90:*.swp=00;90:*.tmp=00;90:*.ucf-dist=00;90:*.ucf-new=00;90:*.ucf-old=00;90:', 'VSCODE_GIT_IPC_HANDLE': '/run/user/1000/vscode-git-5d39144d8a.sock', 'TERM_PROGRAM': 'vscode', 'AMENT_PREFIX_PATH': '/opt/ros/jazzy', 'SHELL': '/bin/bash', 'LESSCLOSE': '/usr/bin/lesspipe %s %s', 'ROS_AUTOMATIC_DISCOVERY_RANGE': 'SUBNET', 'VSCODE_GIT_ASKPASS_EXTRA_ARGS': '', 'PWD': '/home/raspi/Robots4ChildrenWithDisabilities/ROS2/ros2_ws/build/nav_module', 'SSH_CONNECTION': '192.168.137.1 59943 192.168.137.71 22', 'XDG_DATA_DIRS': '/usr/share/gnome:/usr/local/share:/usr/share:/var/lib/snapd/desktop', 'PYTHONPATH': '/opt/ros/jazzy/lib/python3.12/site-packages', 'COLCON': '1', 'CMAKE_PREFIX_PATH': '/opt/ros/jazzy/opt/gz_math_vendor:/opt/ros/jazzy/opt/gz_utils_vendor:/opt/ros/jazzy/opt/gz_cmake_vendor:/opt/ros/jazzy'}), 'shell': False}
[4.139539] (sllidar_ros2) CommandEnded: {'returncode': 0}
[4.141057] (sllidar_ros2) JobProgress: {'identifier': 'sllidar_ros2', 'progress': 'build'}
[4.142184] (sllidar_ros2) Command: {'cmd': ['/usr/bin/cmake', '--build', '/home/raspi/Robots4ChildrenWithDisabilities/ROS2/ros2_ws/build/sllidar_ros2', '--', '-j4', '-l4'], 'cwd': '/home/raspi/Robots4ChildrenWithDisabilities/ROS2/ros2_ws/build/sllidar_ros2', 'env': OrderedDict({'LESSOPEN': '| /usr/bin/lesspipe %s', 'USER': 'raspi', 'SSH_CLIENT': '192.168.137.1 59943 22', 'XDG_SESSION_TYPE': 'tty', 'GIT_ASKPASS': '/home/raspi/.vscode-server/cli/servers/Stable-848b80aeb52026648a8ff9f7c45a9b0a80641e2e/server/extensions/git/dist/askpass.sh', 'SHLVL': '1', 'LD_LIBRARY_PATH': '/opt/ros/jazzy/opt/rviz_ogre_vendor/lib:/opt/ros/jazzy/lib/aarch64-linux-gnu:/opt/ros/jazzy/opt/gz_math_vendor/lib:/opt/ros/jazzy/opt/gz_utils_vendor/lib:/opt/ros/jazzy/opt/gz_cmake_vendor/lib:/opt/ros/jazzy/lib', 'BROWSER': '/home/raspi/.vscode-server/cli/servers/Stable-848b80aeb52026648a8ff9f7c45a9b0a80641e2e/server/bin/helpers/browser.sh', 'HOME': '/home/raspi', 'OLDPWD': '/home/raspi', 'TERM_PROGRAM_VERSION': '1.100.2', 'VSCODE_IPC_HOOK_CLI': '/run/user/1000/vscode-ipc-b1383dd9-a613-44c9-928d-8f6e3dd42d38.sock', 'ROS_PYTHON_VERSION': '3', 'VSCODE_GIT_ASKPASS_MAIN': '/home/raspi/.vscode-server/cli/servers/Stable-848b80aeb52026648a8ff9f7c45a9b0a80641e2e/server/extensions/git/dist/askpass-main.js', 'VSCODE_GIT_ASKPASS_NODE': '/home/raspi/.vscode-server/cli/servers/Stable-848b80aeb52026648a8ff9f7c45a9b0a80641e2e/server/node', 'SSL_CERT_FILE': '/usr/lib/ssl/cert.pem', 'PYDEVD_DISABLE_FILE_VALIDATION': '1', 'BUNDLED_DEBUGPY_PATH': '/home/raspi/.vscode-server/extensions/ms-python.debugpy-2025.8.0-linux-arm64/bundled/libs/debugpy', 'DBUS_SESSION_BUS_ADDRESS': 'unix:path=/run/user/1000/bus', 'COLORTERM': 'truecolor', 'ROS_DISTRO': 'jazzy', 'LOGNAME': 'raspi', '_': '/usr/bin/colcon', 'ROS_VERSION': '2', 'XDG_SESSION_CLASS': 'user', 'TERM': 'xterm-256color', 'XDG_SESSION_ID': '1', 'PATH': '/home/raspi/.vscode-server/cli/servers/Stable-848b80aeb52026648a8ff9f7c45a9b0a80641e2e/server/bin/remote-cli:/home/raspi/.local/bin:/opt/ros/jazzy/bin:/usr/local/sbin:/usr/local/bin:/usr/sbin:/usr/bin:/sbin:/bin:/usr/games:/usr/local/games:/snap/bin:/home/raspi/.local/bin:/home/raspi/.local/bin:/home/raspi/.vscode-server/extensions/ms-python.debugpy-2025.8.0-linux-arm64/bundled/scripts/noConfigScripts:/home/raspi/.vscode-server/data/User/globalStorage/github.copilot-chat/debugCommand:/home/raspi/.local/bin', 'XDG_RUNTIME_DIR': '/run/user/1000', 'SSL_CERT_DIR': '/usr/lib/ssl/certs', 'VSCODE_DEBUGPY_ADAPTER_ENDPOINTS': '/home/raspi/.vscode-server/extensions/ms-python.debugpy-2025.8.0-linux-arm64/.noConfigDebugAdapterEndpoints/endpoint-c5a373403f01ae8b.txt', 'LANG': 'C.UTF-8', 'LS_COLORS': 'rs=0:di=01;34:ln=01;36:mh=00:pi=40;33:so=01;35:do=01;35:bd=40;33;01:cd=40;33;01:or=40;31;01:mi=00:su=37;41:sg=30;43:ca=00:tw=30;42:ow=34;42:st=37;44:ex=01;32:*.tar=01;31:*.tgz=01;31:*.arc=01;31:*.arj=01;31:*.taz=01;31:*.lha=01;31:*.lz4=01;31:*.lzh=01;31:*.lzma=01;31:*.tlz=01;31:*.txz=01;31:*.tzo=01;31:*.t7z=01;31:*.zip=01;31:*.z=01;31:*.dz=01;31:*.gz=01;31:*.lrz=01;31:*.lz=01;31:*.lzo=01;31:*.xz=01;31:*.zst=01;31:*.tzst=01;31:*.bz2=01;31:*.bz=01;31:*.tbz=01;31:*.tbz2=01;31:*.tz=01;31:*.deb=01;31:*.rpm=01;31:*.jar=01;31:*.war=01;31:*.ear=01;31:*.sar=01;31:*.rar=01;31:*.alz=01;31:*.ace=01;31:*.zoo=01;31:*.cpio=01;31:*.7z=01;31:*.rz=01;31:*.cab=01;31:*.wim=01;31:*.swm=01;31:*.dwm=01;31:*.esd=01;31:*.avif=01;35:*.jpg=01;35:*.jpeg=01;35:*.mjpg=01;35:*.mjpeg=01;35:*.gif=01;35:*.bmp=01;35:*.pbm=01;35:*.pgm=01;35:*.ppm=01;35:*.tga=01;35:*.xbm=01;35:*.xpm=01;35:*.tif=01;35:*.tiff=01;35:*.png=01;35:*.svg=01;35:*.svgz=01;35:*.mng=01;35:*.pcx=01;35:*.mov=01;35:*.mpg=01;35:*.mpeg=01;35:*.m2v=01;35:*.mkv=01;35:*.webm=01;35:*.webp=01;35:*.ogm=01;35:*.mp4=01;35:*.m4v=01;35:*.mp4v=01;35:*.vob=01;35:*.qt=01;35:*.nuv=01;35:*.wmv=01;35:*.asf=01;35:*.rm=01;35:*.rmvb=01;35:*.flc=01;35:*.avi=01;35:*.fli=01;35:*.flv=01;35:*.gl=01;35:*.dl=01;35:*.xcf=01;35:*.xwd=01;35:*.yuv=01;35:*.cgm=01;35:*.emf=01;35:*.ogv=01;35:*.ogx=01;35:*.aac=00;36:*.au=00;36:*.flac=00;36:*.m4a=00;36:*.mid=00;36:*.midi=00;36:*.mka=00;36:*.mp3=00;36:*.mpc=00;36:*.ogg=00;36:*.ra=00;36:*.wav=00;36:*.oga=00;36:*.opus=00;36:*.spx=00;36:*.xspf=00;36:*~=00;90:*#=00;90:*.bak=00;90:*.crdownload=00;90:*.dpkg-dist=00;90:*.dpkg-new=00;90:*.dpkg-old=00;90:*.dpkg-tmp=00;90:*.old=00;90:*.orig=00;90:*.part=00;90:*.rej=00;90:*.rpmnew=00;90:*.rpmorig=00;90:*.rpmsave=00;90:*.swp=00;90:*.tmp=00;90:*.ucf-dist=00;90:*.ucf-new=00;90:*.ucf-old=00;90:', 'VSCODE_GIT_IPC_HANDLE': '/run/user/1000/vscode-git-5d39144d8a.sock', 'TERM_PROGRAM': 'vscode', 'AMENT_PREFIX_PATH': '/opt/ros/jazzy', 'SHELL': '/bin/bash', 'LESSCLOSE': '/usr/bin/lesspipe %s %s', 'ROS_AUTOMATIC_DISCOVERY_RANGE': 'SUBNET', 'VSCODE_GIT_ASKPASS_EXTRA_ARGS': '', 'PWD': '/home/raspi/Robots4ChildrenWithDisabilities/ROS2/ros2_ws/build/sllidar_ros2', 'SSH_CONNECTION': '192.168.137.1 59943 192.168.137.71 22', 'XDG_DATA_DIRS': '/usr/share/gnome:/usr/local/share:/usr/share:/var/lib/snapd/desktop', 'PYTHONPATH': '/opt/ros/jazzy/lib/python3.12/site-packages', 'COLCON': '1', 'CMAKE_PREFIX_PATH': '/opt/ros/jazzy/opt/gz_math_vendor:/opt/ros/jazzy/opt/gz_utils_vendor:/opt/ros/jazzy/opt/gz_cmake_vendor:/opt/ros/jazzy'}), 'shell': False}
[4.157762] (-) TimerEvent: {}
[4.258177] (-) TimerEvent: {}
[4.288267] (slam_module) StdoutLine: {'line': b'-- Configuring done (4.2s)\n'}
[4.320225] (sllidar_ros2) StdoutLine: {'line': b'[ 10%] \x1b[32mBuilding CXX object CMakeFiles/sllidar_node.dir/src/sllidar_node.cpp.o\x1b[0m\n'}
[4.320600] (sllidar_ros2) StdoutLine: {'line': b'[ 10%] \x1b[32mBuilding CXX object CMakeFiles/sllidar_node.dir/sdk/src/arch/linux/net_serial.cpp.o\x1b[0m\n'}
[4.333791] (slam_module) StdoutLine: {'line': b'-- Generating done (0.0s)\n'}
[4.334134] (sllidar_ros2) StdoutLine: {'line': b'[ 15%] \x1b[32mBuilding CXX object CMakeFiles/sllidar_node.dir/sdk/src/arch/linux/net_socket.cpp.o\x1b[0m\n'}
[4.337043] (nav_module) StdoutLine: {'line': b'[ 50%] \x1b[32mBuilding CXX object CMakeFiles/navigator_node.dir/src/navigator_node.cpp.o\x1b[0m\n'}
[4.361096] (-) TimerEvent: {}
[4.368875] (sllidar_ros2) StdoutLine: {'line': b'[ 20%] \x1b[32mBuilding CXX object CMakeFiles/sllidar_client.dir/src/sllidar_client.cpp.o\x1b[0m\n'}
[4.373593] (slam_module) StdoutLine: {'line': b'-- Build files have been written to: /home/raspi/Robots4ChildrenWithDisabilities/ROS2/ros2_ws/build/slam_module\n'}
[4.468026] (slam_module) CommandEnded: {'returncode': 0}
[4.468546] (-) TimerEvent: {}
[4.468754] (slam_module) JobProgress: {'identifier': 'slam_module', 'progress': 'build'}
[4.468806] (slam_module) Command: {'cmd': ['/usr/bin/cmake', '--build', '/home/raspi/Robots4ChildrenWithDisabilities/ROS2/ros2_ws/build/slam_module', '--', '-j4', '-l4'], 'cwd': '/home/raspi/Robots4ChildrenWithDisabilities/ROS2/ros2_ws/build/slam_module', 'env': OrderedDict({'LESSOPEN': '| /usr/bin/lesspipe %s', 'USER': 'raspi', 'SSH_CLIENT': '192.168.137.1 59943 22', 'XDG_SESSION_TYPE': 'tty', 'GIT_ASKPASS': '/home/raspi/.vscode-server/cli/servers/Stable-848b80aeb52026648a8ff9f7c45a9b0a80641e2e/server/extensions/git/dist/askpass.sh', 'SHLVL': '1', 'LD_LIBRARY_PATH': '/opt/ros/jazzy/opt/rviz_ogre_vendor/lib:/opt/ros/jazzy/lib/aarch64-linux-gnu:/opt/ros/jazzy/opt/gz_math_vendor/lib:/opt/ros/jazzy/opt/gz_utils_vendor/lib:/opt/ros/jazzy/opt/gz_cmake_vendor/lib:/opt/ros/jazzy/lib', 'BROWSER': '/home/raspi/.vscode-server/cli/servers/Stable-848b80aeb52026648a8ff9f7c45a9b0a80641e2e/server/bin/helpers/browser.sh', 'HOME': '/home/raspi', 'OLDPWD': '/home/raspi', 'TERM_PROGRAM_VERSION': '1.100.2', 'VSCODE_IPC_HOOK_CLI': '/run/user/1000/vscode-ipc-b1383dd9-a613-44c9-928d-8f6e3dd42d38.sock', 'ROS_PYTHON_VERSION': '3', 'VSCODE_GIT_ASKPASS_MAIN': '/home/raspi/.vscode-server/cli/servers/Stable-848b80aeb52026648a8ff9f7c45a9b0a80641e2e/server/extensions/git/dist/askpass-main.js', 'VSCODE_GIT_ASKPASS_NODE': '/home/raspi/.vscode-server/cli/servers/Stable-848b80aeb52026648a8ff9f7c45a9b0a80641e2e/server/node', 'SSL_CERT_FILE': '/usr/lib/ssl/cert.pem', 'PYDEVD_DISABLE_FILE_VALIDATION': '1', 'BUNDLED_DEBUGPY_PATH': '/home/raspi/.vscode-server/extensions/ms-python.debugpy-2025.8.0-linux-arm64/bundled/libs/debugpy', 'DBUS_SESSION_BUS_ADDRESS': 'unix:path=/run/user/1000/bus', 'COLORTERM': 'truecolor', 'ROS_DISTRO': 'jazzy', 'LOGNAME': 'raspi', '_': '/usr/bin/colcon', 'ROS_VERSION': '2', 'XDG_SESSION_CLASS': 'user', 'TERM': 'xterm-256color', 'XDG_SESSION_ID': '1', 'PATH': '/home/raspi/.vscode-server/cli/servers/Stable-848b80aeb52026648a8ff9f7c45a9b0a80641e2e/server/bin/remote-cli:/home/raspi/.local/bin:/opt/ros/jazzy/bin:/usr/local/sbin:/usr/local/bin:/usr/sbin:/usr/bin:/sbin:/bin:/usr/games:/usr/local/games:/snap/bin:/home/raspi/.local/bin:/home/raspi/.local/bin:/home/raspi/.vscode-server/extensions/ms-python.debugpy-2025.8.0-linux-arm64/bundled/scripts/noConfigScripts:/home/raspi/.vscode-server/data/User/globalStorage/github.copilot-chat/debugCommand:/home/raspi/.local/bin', 'XDG_RUNTIME_DIR': '/run/user/1000', 'SSL_CERT_DIR': '/usr/lib/ssl/certs', 'VSCODE_DEBUGPY_ADAPTER_ENDPOINTS': '/home/raspi/.vscode-server/extensions/ms-python.debugpy-2025.8.0-linux-arm64/.noConfigDebugAdapterEndpoints/endpoint-c5a373403f01ae8b.txt', 'LANG': 'C.UTF-8', 'LS_COLORS': 'rs=0:di=01;34:ln=01;36:mh=00:pi=40;33:so=01;35:do=01;35:bd=40;33;01:cd=40;33;01:or=40;31;01:mi=00:su=37;41:sg=30;43:ca=00:tw=30;42:ow=34;42:st=37;44:ex=01;32:*.tar=01;31:*.tgz=01;31:*.arc=01;31:*.arj=01;31:*.taz=01;31:*.lha=01;31:*.lz4=01;31:*.lzh=01;31:*.lzma=01;31:*.tlz=01;31:*.txz=01;31:*.tzo=01;31:*.t7z=01;31:*.zip=01;31:*.z=01;31:*.dz=01;31:*.gz=01;31:*.lrz=01;31:*.lz=01;31:*.lzo=01;31:*.xz=01;31:*.zst=01;31:*.tzst=01;31:*.bz2=01;31:*.bz=01;31:*.tbz=01;31:*.tbz2=01;31:*.tz=01;31:*.deb=01;31:*.rpm=01;31:*.jar=01;31:*.war=01;31:*.ear=01;31:*.sar=01;31:*.rar=01;31:*.alz=01;31:*.ace=01;31:*.zoo=01;31:*.cpio=01;31:*.7z=01;31:*.rz=01;31:*.cab=01;31:*.wim=01;31:*.swm=01;31:*.dwm=01;31:*.esd=01;31:*.avif=01;35:*.jpg=01;35:*.jpeg=01;35:*.mjpg=01;35:*.mjpeg=01;35:*.gif=01;35:*.bmp=01;35:*.pbm=01;35:*.pgm=01;35:*.ppm=01;35:*.tga=01;35:*.xbm=01;35:*.xpm=01;35:*.tif=01;35:*.tiff=01;35:*.png=01;35:*.svg=01;35:*.svgz=01;35:*.mng=01;35:*.pcx=01;35:*.mov=01;35:*.mpg=01;35:*.mpeg=01;35:*.m2v=01;35:*.mkv=01;35:*.webm=01;35:*.webp=01;35:*.ogm=01;35:*.mp4=01;35:*.m4v=01;35:*.mp4v=01;35:*.vob=01;35:*.qt=01;35:*.nuv=01;35:*.wmv=01;35:*.asf=01;35:*.rm=01;35:*.rmvb=01;35:*.flc=01;35:*.avi=01;35:*.fli=01;35:*.flv=01;35:*.gl=01;35:*.dl=01;35:*.xcf=01;35:*.xwd=01;35:*.yuv=01;35:*.cgm=01;35:*.emf=01;35:*.ogv=01;35:*.ogx=01;35:*.aac=00;36:*.au=00;36:*.flac=00;36:*.m4a=00;36:*.mid=00;36:*.midi=00;36:*.mka=00;36:*.mp3=00;36:*.mpc=00;36:*.ogg=00;36:*.ra=00;36:*.wav=00;36:*.oga=00;36:*.opus=00;36:*.spx=00;36:*.xspf=00;36:*~=00;90:*#=00;90:*.bak=00;90:*.crdownload=00;90:*.dpkg-dist=00;90:*.dpkg-new=00;90:*.dpkg-old=00;90:*.dpkg-tmp=00;90:*.old=00;90:*.orig=00;90:*.part=00;90:*.rej=00;90:*.rpmnew=00;90:*.rpmorig=00;90:*.rpmsave=00;90:*.swp=00;90:*.tmp=00;90:*.ucf-dist=00;90:*.ucf-new=00;90:*.ucf-old=00;90:', 'VSCODE_GIT_IPC_HANDLE': '/run/user/1000/vscode-git-5d39144d8a.sock', 'TERM_PROGRAM': 'vscode', 'AMENT_PREFIX_PATH': '/opt/ros/jazzy', 'SHELL': '/bin/bash', 'LESSCLOSE': '/usr/bin/lesspipe %s %s', 'ROS_AUTOMATIC_DISCOVERY_RANGE': 'SUBNET', 'VSCODE_GIT_ASKPASS_EXTRA_ARGS': '', 'PWD': '/home/raspi/Robots4ChildrenWithDisabilities/ROS2/ros2_ws/build/slam_module', 'SSH_CONNECTION': '192.168.137.1 59943 192.168.137.71 22', 'XDG_DATA_DIRS': '/usr/share/gnome:/usr/local/share:/usr/share:/var/lib/snapd/desktop', 'PYTHONPATH': '/opt/ros/jazzy/lib/python3.12/site-packages', 'COLCON': '1', 'CMAKE_PREFIX_PATH': '/opt/ros/jazzy/opt/gz_math_vendor:/opt/ros/jazzy/opt/gz_utils_vendor:/opt/ros/jazzy/opt/gz_cmake_vendor:/opt/ros/jazzy'}), 'shell': False}
[4.575780] (-) TimerEvent: {}
[4.676595] (-) TimerEvent: {}
[4.718417] (slam_module) CommandEnded: {'returncode': 0}
[4.723878] (slam_module) JobProgress: {'identifier': 'slam_module', 'progress': 'install'}
[4.724123] (slam_module) Command: {'cmd': ['/usr/bin/cmake', '--install', '/home/raspi/Robots4ChildrenWithDisabilities/ROS2/ros2_ws/build/slam_module'], 'cwd': '/home/raspi/Robots4ChildrenWithDisabilities/ROS2/ros2_ws/build/slam_module', 'env': OrderedDict({'LESSOPEN': '| /usr/bin/lesspipe %s', 'USER': 'raspi', 'SSH_CLIENT': '192.168.137.1 59943 22', 'XDG_SESSION_TYPE': 'tty', 'GIT_ASKPASS': '/home/raspi/.vscode-server/cli/servers/Stable-848b80aeb52026648a8ff9f7c45a9b0a80641e2e/server/extensions/git/dist/askpass.sh', 'SHLVL': '1', 'LD_LIBRARY_PATH': '/opt/ros/jazzy/opt/rviz_ogre_vendor/lib:/opt/ros/jazzy/lib/aarch64-linux-gnu:/opt/ros/jazzy/opt/gz_math_vendor/lib:/opt/ros/jazzy/opt/gz_utils_vendor/lib:/opt/ros/jazzy/opt/gz_cmake_vendor/lib:/opt/ros/jazzy/lib', 'BROWSER': '/home/raspi/.vscode-server/cli/servers/Stable-848b80aeb52026648a8ff9f7c45a9b0a80641e2e/server/bin/helpers/browser.sh', 'HOME': '/home/raspi', 'OLDPWD': '/home/raspi', 'TERM_PROGRAM_VERSION': '1.100.2', 'VSCODE_IPC_HOOK_CLI': '/run/user/1000/vscode-ipc-b1383dd9-a613-44c9-928d-8f6e3dd42d38.sock', 'ROS_PYTHON_VERSION': '3', 'VSCODE_GIT_ASKPASS_MAIN': '/home/raspi/.vscode-server/cli/servers/Stable-848b80aeb52026648a8ff9f7c45a9b0a80641e2e/server/extensions/git/dist/askpass-main.js', 'VSCODE_GIT_ASKPASS_NODE': '/home/raspi/.vscode-server/cli/servers/Stable-848b80aeb52026648a8ff9f7c45a9b0a80641e2e/server/node', 'SSL_CERT_FILE': '/usr/lib/ssl/cert.pem', 'PYDEVD_DISABLE_FILE_VALIDATION': '1', 'BUNDLED_DEBUGPY_PATH': '/home/raspi/.vscode-server/extensions/ms-python.debugpy-2025.8.0-linux-arm64/bundled/libs/debugpy', 'DBUS_SESSION_BUS_ADDRESS': 'unix:path=/run/user/1000/bus', 'COLORTERM': 'truecolor', 'ROS_DISTRO': 'jazzy', 'LOGNAME': 'raspi', '_': '/usr/bin/colcon', 'ROS_VERSION': '2', 'XDG_SESSION_CLASS': 'user', 'TERM': 'xterm-256color', 'XDG_SESSION_ID': '1', 'PATH': '/home/raspi/.vscode-server/cli/servers/Stable-848b80aeb52026648a8ff9f7c45a9b0a80641e2e/server/bin/remote-cli:/home/raspi/.local/bin:/opt/ros/jazzy/bin:/usr/local/sbin:/usr/local/bin:/usr/sbin:/usr/bin:/sbin:/bin:/usr/games:/usr/local/games:/snap/bin:/home/raspi/.local/bin:/home/raspi/.local/bin:/home/raspi/.vscode-server/extensions/ms-python.debugpy-2025.8.0-linux-arm64/bundled/scripts/noConfigScripts:/home/raspi/.vscode-server/data/User/globalStorage/github.copilot-chat/debugCommand:/home/raspi/.local/bin', 'XDG_RUNTIME_DIR': '/run/user/1000', 'SSL_CERT_DIR': '/usr/lib/ssl/certs', 'VSCODE_DEBUGPY_ADAPTER_ENDPOINTS': '/home/raspi/.vscode-server/extensions/ms-python.debugpy-2025.8.0-linux-arm64/.noConfigDebugAdapterEndpoints/endpoint-c5a373403f01ae8b.txt', 'LANG': 'C.UTF-8', 'LS_COLORS': 'rs=0:di=01;34:ln=01;36:mh=00:pi=40;33:so=01;35:do=01;35:bd=40;33;01:cd=40;33;01:or=40;31;01:mi=00:su=37;41:sg=30;43:ca=00:tw=30;42:ow=34;42:st=37;44:ex=01;32:*.tar=01;31:*.tgz=01;31:*.arc=01;31:*.arj=01;31:*.taz=01;31:*.lha=01;31:*.lz4=01;31:*.lzh=01;31:*.lzma=01;31:*.tlz=01;31:*.txz=01;31:*.tzo=01;31:*.t7z=01;31:*.zip=01;31:*.z=01;31:*.dz=01;31:*.gz=01;31:*.lrz=01;31:*.lz=01;31:*.lzo=01;31:*.xz=01;31:*.zst=01;31:*.tzst=01;31:*.bz2=01;31:*.bz=01;31:*.tbz=01;31:*.tbz2=01;31:*.tz=01;31:*.deb=01;31:*.rpm=01;31:*.jar=01;31:*.war=01;31:*.ear=01;31:*.sar=01;31:*.rar=01;31:*.alz=01;31:*.ace=01;31:*.zoo=01;31:*.cpio=01;31:*.7z=01;31:*.rz=01;31:*.cab=01;31:*.wim=01;31:*.swm=01;31:*.dwm=01;31:*.esd=01;31:*.avif=01;35:*.jpg=01;35:*.jpeg=01;35:*.mjpg=01;35:*.mjpeg=01;35:*.gif=01;35:*.bmp=01;35:*.pbm=01;35:*.pgm=01;35:*.ppm=01;35:*.tga=01;35:*.xbm=01;35:*.xpm=01;35:*.tif=01;35:*.tiff=01;35:*.png=01;35:*.svg=01;35:*.svgz=01;35:*.mng=01;35:*.pcx=01;35:*.mov=01;35:*.mpg=01;35:*.mpeg=01;35:*.m2v=01;35:*.mkv=01;35:*.webm=01;35:*.webp=01;35:*.ogm=01;35:*.mp4=01;35:*.m4v=01;35:*.mp4v=01;35:*.vob=01;35:*.qt=01;35:*.nuv=01;35:*.wmv=01;35:*.asf=01;35:*.rm=01;35:*.rmvb=01;35:*.flc=01;35:*.avi=01;35:*.fli=01;35:*.flv=01;35:*.gl=01;35:*.dl=01;35:*.xcf=01;35:*.xwd=01;35:*.yuv=01;35:*.cgm=01;35:*.emf=01;35:*.ogv=01;35:*.ogx=01;35:*.aac=00;36:*.au=00;36:*.flac=00;36:*.m4a=00;36:*.mid=00;36:*.midi=00;36:*.mka=00;36:*.mp3=00;36:*.mpc=00;36:*.ogg=00;36:*.ra=00;36:*.wav=00;36:*.oga=00;36:*.opus=00;36:*.spx=00;36:*.xspf=00;36:*~=00;90:*#=00;90:*.bak=00;90:*.crdownload=00;90:*.dpkg-dist=00;90:*.dpkg-new=00;90:*.dpkg-old=00;90:*.dpkg-tmp=00;90:*.old=00;90:*.orig=00;90:*.part=00;90:*.rej=00;90:*.rpmnew=00;90:*.rpmorig=00;90:*.rpmsave=00;90:*.swp=00;90:*.tmp=00;90:*.ucf-dist=00;90:*.ucf-new=00;90:*.ucf-old=00;90:', 'VSCODE_GIT_IPC_HANDLE': '/run/user/1000/vscode-git-5d39144d8a.sock', 'TERM_PROGRAM': 'vscode', 'AMENT_PREFIX_PATH': '/opt/ros/jazzy', 'SHELL': '/bin/bash', 'LESSCLOSE': '/usr/bin/lesspipe %s %s', 'ROS_AUTOMATIC_DISCOVERY_RANGE': 'SUBNET', 'VSCODE_GIT_ASKPASS_EXTRA_ARGS': '', 'PWD': '/home/raspi/Robots4ChildrenWithDisabilities/ROS2/ros2_ws/build/slam_module', 'SSH_CONNECTION': '192.168.137.1 59943 192.168.137.71 22', 'XDG_DATA_DIRS': '/usr/share/gnome:/usr/local/share:/usr/share:/var/lib/snapd/desktop', 'PYTHONPATH': '/opt/ros/jazzy/lib/python3.12/site-packages', 'COLCON': '1', 'CMAKE_PREFIX_PATH': '/opt/ros/jazzy/opt/gz_math_vendor:/opt/ros/jazzy/opt/gz_utils_vendor:/opt/ros/jazzy/opt/gz_cmake_vendor:/opt/ros/jazzy'}), 'shell': False}
[4.777768] (-) TimerEvent: {}
[4.800749] (slam_module) StdoutLine: {'line': b'-- Install configuration: ""\n'}
[4.801066] (slam_module) StdoutLine: {'line': b'-- Installing: /home/raspi/Robots4ChildrenWithDisabilities/ROS2/ros2_ws/install/slam_module/share/slam_module/launch\n'}
[4.803520] (slam_module) StdoutLine: {'line': b'-- Installing: /home/raspi/Robots4ChildrenWithDisabilities/ROS2/ros2_ws/install/slam_module/share/slam_module/launch/slam.launch.py\n'}
[4.803929] (slam_module) StdoutLine: {'line': b'-- Installing: /home/raspi/Robots4ChildrenWithDisabilities/ROS2/ros2_ws/install/slam_module/share/slam_module/config\n'}
[4.804135] (slam_module) StdoutLine: {'line': b'-- Installing: /home/raspi/Robots4ChildrenWithDisabilities/ROS2/ros2_ws/install/slam_module/share/slam_module/config/slam_toolbox_params.yaml\n'}
[4.813954] (slam_module) StdoutLine: {'line': b'-- Installing: /home/raspi/Robots4ChildrenWithDisabilities/ROS2/ros2_ws/install/slam_module/share/slam_module/package.xml\n'}
[4.814792] (slam_module) StdoutLine: {'line': b'-- Installing: /home/raspi/Robots4ChildrenWithDisabilities/ROS2/ros2_ws/install/slam_module/share/ament_index/resource_index/package_run_dependencies/slam_module\n'}
[4.815005] (slam_module) StdoutLine: {'line': b'-- Installing: /home/raspi/Robots4ChildrenWithDisabilities/ROS2/ros2_ws/install/slam_module/share/ament_index/resource_index/parent_prefix_path/slam_module\n'}
[4.815138] (slam_module) StdoutLine: {'line': b'-- Installing: /home/raspi/Robots4ChildrenWithDisabilities/ROS2/ros2_ws/install/slam_module/share/slam_module/environment/ament_prefix_path.sh\n'}
[4.819302] (slam_module) StdoutLine: {'line': b'-- Installing: /home/raspi/Robots4ChildrenWithDisabilities/ROS2/ros2_ws/install/slam_module/share/slam_module/environment/ament_prefix_path.dsv\n'}
[4.819565] (slam_module) StdoutLine: {'line': b'-- Installing: /home/raspi/Robots4ChildrenWithDisabilities/ROS2/ros2_ws/install/slam_module/share/slam_module/environment/path.sh\n'}
[4.826855] (slam_module) StdoutLine: {'line': b'-- Installing: /home/raspi/Robots4ChildrenWithDisabilities/ROS2/ros2_ws/install/slam_module/share/slam_module/environment/path.dsv\n'}
[4.827187] (slam_module) StdoutLine: {'line': b'-- Installing: /home/raspi/Robots4ChildrenWithDisabilities/ROS2/ros2_ws/install/slam_module/share/slam_module/local_setup.bash\n'}
[4.827352] (slam_module) StdoutLine: {'line': b'-- Installing: /home/raspi/Robots4ChildrenWithDisabilities/ROS2/ros2_ws/install/slam_module/share/slam_module/local_setup.sh\n'}
[4.827491] (slam_module) StdoutLine: {'line': b'-- Installing: /home/raspi/Robots4ChildrenWithDisabilities/ROS2/ros2_ws/install/slam_module/share/slam_module/local_setup.zsh\n'}
[4.829888] (slam_module) StdoutLine: {'line': b'-- Installing: /home/raspi/Robots4ChildrenWithDisabilities/ROS2/ros2_ws/install/slam_module/share/slam_module/local_setup.dsv\n'}
[4.830208] (slam_module) StdoutLine: {'line': b'-- Installing: /home/raspi/Robots4ChildrenWithDisabilities/ROS2/ros2_ws/install/slam_module/share/slam_module/package.dsv\n'}
[4.836770] (slam_module) StdoutLine: {'line': b'-- Installing: /home/raspi/Robots4ChildrenWithDisabilities/ROS2/ros2_ws/install/slam_module/share/ament_index/resource_index/packages/slam_module\n'}
[4.837118] (slam_module) StdoutLine: {'line': b'-- Installing: /home/raspi/Robots4ChildrenWithDisabilities/ROS2/ros2_ws/install/slam_module/share/slam_module/cmake/slam_moduleConfig.cmake\n'}
[4.837324] (slam_module) StdoutLine: {'line': b'-- Installing: /home/raspi/Robots4ChildrenWithDisabilities/ROS2/ros2_ws/install/slam_module/share/slam_module/cmake/slam_moduleConfig-version.cmake\n'}
[4.839378] (slam_module) StdoutLine: {'line': b'-- Up-to-date: /home/raspi/Robots4ChildrenWithDisabilities/ROS2/ros2_ws/install/slam_module/share/slam_module/package.xml\n'}
[4.862805] (slam_module) CommandEnded: {'returncode': 0}
[4.878955] (-) TimerEvent: {}
[4.980736] (-) TimerEvent: {}
[4.984087] (slam_module) JobEnded: {'identifier': 'slam_module', 'rc': 0}
[5.081199] (-) TimerEvent: {}
[5.182743] (-) TimerEvent: {}
[5.283633] (-) TimerEvent: {}
[5.385762] (-) TimerEvent: {}
[5.489841] (-) TimerEvent: {}
[5.591864] (-) TimerEvent: {}
[5.697816] (-) TimerEvent: {}
[5.800783] (-) TimerEvent: {}
[5.817933] (sllidar_ros2) StderrLine: {'line': b'In file included from \x1b[01m\x1b[K/home/raspi/Robots4ChildrenWithDisabilities/ROS2/ros2_ws/src/sllidar_ros2/./sdk/include/rplidar_protocol.h:36\x1b[m\x1b[K,\n'}
[5.818715] (sllidar_ros2) StderrLine: {'line': b'                 from \x1b[01m\x1b[K/home/raspi/Robots4ChildrenWithDisabilities/ROS2/ros2_ws/src/sllidar_ros2/./sdk/include/rplidar.h:39\x1b[m\x1b[K,\n'}
[5.818947] (sllidar_ros2) StderrLine: {'line': b'                 from \x1b[01m\x1b[K/home/raspi/Robots4ChildrenWithDisabilities/ROS2/ros2_ws/src/sllidar_ros2/./sdk/src/sdkcommon.h:49\x1b[m\x1b[K,\n'}
[5.819115] (sllidar_ros2) StderrLine: {'line': b'                 from \x1b[01m\x1b[K/home/raspi/Robots4ChildrenWithDisabilities/ROS2/ros2_ws/src/sllidar_ros2/sdk/src/arch/linux/net_socket.cpp:10\x1b[m\x1b[K:\n'}
[5.819252] (sllidar_ros2) StderrLine: {'line': b'\x1b[01m\x1b[K/home/raspi/Robots4ChildrenWithDisabilities/ROS2/ros2_ws/src/sllidar_ros2/./sdk/include/sl_lidar_protocol.h:66:16:\x1b[m\x1b[K \x1b[01;35m\x1b[Kwarning: \x1b[m\x1b[KISO C++ forbids zero-size array \xe2\x80\x98\x1b[01m\x1b[Kdata\x1b[m\x1b[K\xe2\x80\x99 [\x1b[01;35m\x1b[K\x1b]8;;https://gcc.gnu.org/onlinedocs/gcc/Warning-Options.html#index-Wpedantic\x07-Wpedantic\x1b]8;;\x07\x1b[m\x1b[K]\n'}
[5.819404] (sllidar_ros2) StderrLine: {'line': b'   66 |     sl_u8 data[\x1b[01;35m\x1b[K0\x1b[m\x1b[K];\n'}
[5.819545] (sllidar_ros2) StderrLine: {'line': b'      |                \x1b[01;35m\x1b[K^\x1b[m\x1b[K\n'}
[5.819651] (sllidar_ros2) StderrLine: {'line': b'In file included from \x1b[01m\x1b[K/home/raspi/Robots4ChildrenWithDisabilities/ROS2/ros2_ws/src/sllidar_ros2/./sdk/include/rplidar_cmd.h:36\x1b[m\x1b[K,\n'}
[5.819830] (sllidar_ros2) StderrLine: {'line': b'                 from \x1b[01m\x1b[K/home/raspi/Robots4ChildrenWithDisabilities/ROS2/ros2_ws/src/sllidar_ros2/./sdk/include/rplidar.h:40\x1b[m\x1b[K:\n'}
[5.819990] (sllidar_ros2) StderrLine: {'line': b'\x1b[01m\x1b[K/home/raspi/Robots4ChildrenWithDisabilities/ROS2/ros2_ws/src/sllidar_ros2/./sdk/include/sl_lidar_cmd.h:324:20:\x1b[m\x1b[K \x1b[01;35m\x1b[Kwarning: \x1b[m\x1b[KISO C++ forbids zero-size array \xe2\x80\x98\x1b[01m\x1b[Kpayload\x1b[m\x1b[K\xe2\x80\x99 [\x1b[01;35m\x1b[K\x1b]8;;https://gcc.gnu.org/onlinedocs/gcc/Warning-Options.html#index-Wpedantic\x07-Wpedantic\x1b]8;;\x07\x1b[m\x1b[K]\n'}
[5.820109] (sllidar_ros2) StderrLine: {'line': b'  324 |     sl_u8  payload[\x1b[01;35m\x1b[K0\x1b[m\x1b[K];\n'}
[5.820238] (sllidar_ros2) StderrLine: {'line': b'      |                    \x1b[01;35m\x1b[K^\x1b[m\x1b[K\n'}
[5.905809] (-) TimerEvent: {}
[6.006295] (-) TimerEvent: {}
[6.084921] (sllidar_ros2) StderrLine: {'line': b'In file included from \x1b[01m\x1b[K/home/raspi/Robots4ChildrenWithDisabilities/ROS2/ros2_ws/src/sllidar_ros2/./sdk/src/arch/linux/arch_linux.h:42\x1b[m\x1b[K,\n'}
[6.085311] (sllidar_ros2) StderrLine: {'line': b'                 from \x1b[01m\x1b[K/home/raspi/Robots4ChildrenWithDisabilities/ROS2/ros2_ws/src/sllidar_ros2/./sdk/src/sdkcommon.h:41\x1b[m\x1b[K:\n'}
[6.085530] (sllidar_ros2) StderrLine: {'line': b'\x1b[01m\x1b[K/home/raspi/Robots4ChildrenWithDisabilities/ROS2/ros2_ws/src/sllidar_ros2/sdk/src/arch/linux/net_socket.cpp:\x1b[m\x1b[K In member function \xe2\x80\x98\x1b[01m\x1b[Kvirtual u_result rp::arch::net::DGramSocketImpl::\x1b[01;32m\x1b[KsendTo\x1b[m\x1b[K(const rp::net::SocketAddress*, const void*, size_t)\x1b[m\x1b[K\xe2\x80\x99:\n'}
[6.085721] (sllidar_ros2) StderrLine: {'line': b'\x1b[01m\x1b[K/home/raspi/Robots4ChildrenWithDisabilities/ROS2/ros2_ws/src/sllidar_ros2/sdk/src/arch/linux/net_socket.cpp:733:24:\x1b[m\x1b[K \x1b[01;35m\x1b[Kwarning: \x1b[m\x1b[Kcomparison of integer expressions of different signedness: \xe2\x80\x98\x1b[01m\x1b[Kint\x1b[m\x1b[K\xe2\x80\x99 and \xe2\x80\x98\x1b[01m\x1b[Ksize_t\x1b[m\x1b[K\xe2\x80\x99 {aka \xe2\x80\x98\x1b[01m\x1b[Klong unsigned int\x1b[m\x1b[K\xe2\x80\x99} [\x1b[01;35m\x1b[K\x1b]8;;https://gcc.gnu.org/onlinedocs/gcc/Warning-Options.html#index-Wsign-compare\x07-Wsign-compare\x1b]8;;\x07\x1b[m\x1b[K]\n'}
[6.085930] (sllidar_ros2) StderrLine: {'line': b'  733 |             assert(\x1b[01;35m\x1b[Kans == len\x1b[m\x1b[K);\n'}
[6.086076] (sllidar_ros2) StderrLine: {'line': b'      |                    \x1b[01;35m\x1b[K~~~~^~~~~~\x1b[m\x1b[K\n'}
[6.108814] (-) TimerEvent: {}
[6.212779] (-) TimerEvent: {}
[6.313297] (-) TimerEvent: {}
[6.404834] (sllidar_ros2) StderrLine: {'line': b'\x1b[01m\x1b[K/home/raspi/Robots4ChildrenWithDisabilities/ROS2/ros2_ws/src/sllidar_ros2/sdk/src/arch/linux/net_serial.cpp:\x1b[m\x1b[K In member function \xe2\x80\x98\x1b[01m\x1b[Kbool rp::arch::net::raw_serial::\x1b[01;32m\x1b[Kopen\x1b[m\x1b[K(const char*, uint32_t, uint32_t)\x1b[m\x1b[K\xe2\x80\x99:\n'}
[6.405237] (sllidar_ros2) StderrLine: {'line': b'\x1b[01m\x1b[K/home/raspi/Robots4ChildrenWithDisabilities/ROS2/ros2_ws/src/sllidar_ros2/sdk/src/arch/linux/net_serial.cpp:97:74:\x1b[m\x1b[K \x1b[01;35m\x1b[Kwarning: \x1b[m\x1b[Kunused parameter \xe2\x80\x98\x1b[01m\x1b[Kflags\x1b[m\x1b[K\xe2\x80\x99 [\x1b[01;35m\x1b[K\x1b]8;;https://gcc.gnu.org/onlinedocs/gcc/Warning-Options.html#index-Wunused-parameter\x07-Wunused-parameter\x1b]8;;\x07\x1b[m\x1b[K]\n'}
[6.405439] (sllidar_ros2) StderrLine: {'line': b'   97 | bool raw_serial::open(const char * portname, uint32_t baudrate, \x1b[01;35m\x1b[Kuint32_t flags\x1b[m\x1b[K)\n'}
[6.405582] (sllidar_ros2) StderrLine: {'line': b'      |                                                                 \x1b[01;35m\x1b[K~~~~~~~~~^~~~~\x1b[m\x1b[K\n'}
[6.405753] (sllidar_ros2) StderrLine: {'line': b'\x1b[01m\x1b[K/home/raspi/Robots4ChildrenWithDisabilities/ROS2/ros2_ws/src/sllidar_ros2/sdk/src/arch/linux/net_serial.cpp:\x1b[m\x1b[K In member function \xe2\x80\x98\x1b[01m\x1b[Kvirtual void rp::arch::net::raw_serial::\x1b[01;32m\x1b[Kflush\x1b[m\x1b[K(_u32)\x1b[m\x1b[K\xe2\x80\x99:\n'}
[6.405952] (sllidar_ros2) StderrLine: {'line': b'\x1b[01m\x1b[K/home/raspi/Robots4ChildrenWithDisabilities/ROS2/ros2_ws/src/sllidar_ros2/sdk/src/arch/linux/net_serial.cpp:281:30:\x1b[m\x1b[K \x1b[01;35m\x1b[Kwarning: \x1b[m\x1b[Kunused parameter \xe2\x80\x98\x1b[01m\x1b[Kflags\x1b[m\x1b[K\xe2\x80\x99 [\x1b[01;35m\x1b[K\x1b]8;;https://gcc.gnu.org/onlinedocs/gcc/Warning-Options.html#index-Wunused-parameter\x07-Wunused-parameter\x1b]8;;\x07\x1b[m\x1b[K]\n'}
[6.406136] (sllidar_ros2) StderrLine: {'line': b'  281 | void raw_serial::flush( \x1b[01;35m\x1b[K_u32 flags\x1b[m\x1b[K)\n'}
[6.406267] (sllidar_ros2) StderrLine: {'line': b'      |                         \x1b[01;35m\x1b[K~~~~~^~~~~\x1b[m\x1b[K\n'}
[6.412788] (sllidar_ros2) StderrLine: {'line': b'\x1b[01m\x1b[K/home/raspi/Robots4ChildrenWithDisabilities/ROS2/ros2_ws/src/sllidar_ros2/sdk/src/arch/linux/net_serial.cpp:\x1b[m\x1b[K In member function \xe2\x80\x98\x1b[01m\x1b[Kvirtual int rp::arch::net::raw_serial::\x1b[01;32m\x1b[Kwaitforsent\x1b[m\x1b[K(_u32, size_t*)\x1b[m\x1b[K\xe2\x80\x99:\n'}
[6.413219] (sllidar_ros2) StderrLine: {'line': b'\x1b[01m\x1b[K/home/raspi/Robots4ChildrenWithDisabilities/ROS2/ros2_ws/src/sllidar_ros2/sdk/src/arch/linux/net_serial.cpp:286:34:\x1b[m\x1b[K \x1b[01;35m\x1b[Kwarning: \x1b[m\x1b[Kunused parameter \xe2\x80\x98\x1b[01m\x1b[Ktimeout\x1b[m\x1b[K\xe2\x80\x99 [\x1b[01;35m\x1b[K\x1b]8;;https://gcc.gnu.org/onlinedocs/gcc/Warning-Options.html#index-Wunused-parameter\x07-Wunused-parameter\x1b]8;;\x07\x1b[m\x1b[K]\n'}
[6.413425] (-) TimerEvent: {}
[6.413639] (sllidar_ros2) StderrLine: {'line': b'  286 | int raw_serial::waitforsent(\x1b[01;35m\x1b[K_u32 timeout\x1b[m\x1b[K, size_t * returned_size)\n'}
[6.413944] (sllidar_ros2) StderrLine: {'line': b'      |                             \x1b[01;35m\x1b[K~~~~~^~~~~~~\x1b[m\x1b[K\n'}
[6.414120] (sllidar_ros2) StderrLine: {'line': b'\x1b[01m\x1b[K/home/raspi/Robots4ChildrenWithDisabilities/ROS2/ros2_ws/src/sllidar_ros2/sdk/src/arch/linux/net_serial.cpp:\x1b[m\x1b[K In member function \xe2\x80\x98\x1b[01m\x1b[Kvirtual int rp::arch::net::raw_serial::\x1b[01;32m\x1b[Kwaitforrecv\x1b[m\x1b[K(_u32, size_t*)\x1b[m\x1b[K\xe2\x80\x99:\n'}
[6.414284] (sllidar_ros2) StderrLine: {'line': b'\x1b[01m\x1b[K/home/raspi/Robots4ChildrenWithDisabilities/ROS2/ros2_ws/src/sllidar_ros2/sdk/src/arch/linux/net_serial.cpp:292:34:\x1b[m\x1b[K \x1b[01;35m\x1b[Kwarning: \x1b[m\x1b[Kunused parameter \xe2\x80\x98\x1b[01m\x1b[Ktimeout\x1b[m\x1b[K\xe2\x80\x99 [\x1b[01;35m\x1b[K\x1b]8;;https://gcc.gnu.org/onlinedocs/gcc/Warning-Options.html#index-Wunused-parameter\x07-Wunused-parameter\x1b]8;;\x07\x1b[m\x1b[K]\n'}
[6.414448] (sllidar_ros2) StderrLine: {'line': b'  292 | int raw_serial::waitforrecv(\x1b[01;35m\x1b[K_u32 timeout\x1b[m\x1b[K, size_t * returned_size)\n'}
[6.414607] (sllidar_ros2) StderrLine: {'line': b'      |                             \x1b[01;35m\x1b[K~~~~~^~~~~~~\x1b[m\x1b[K\n'}
[6.414823] (sllidar_ros2) StderrLine: {'line': b'\x1b[01m\x1b[K/home/raspi/Robots4ChildrenWithDisabilities/ROS2/ros2_ws/src/sllidar_ros2/sdk/src/arch/linux/net_serial.cpp:\x1b[m\x1b[K In member function \xe2\x80\x98\x1b[01m\x1b[Kvirtual void rp::arch::net::raw_serial::\x1b[01;32m\x1b[KcancelOperation\x1b[m\x1b[K()\x1b[m\x1b[K\xe2\x80\x99:\n'}
[6.415000] (sllidar_ros2) StderrLine: {'line': b'\x1b[01m\x1b[K/home/raspi/Robots4ChildrenWithDisabilities/ROS2/ros2_ws/src/sllidar_ros2/sdk/src/arch/linux/net_serial.cpp:427:5:\x1b[m\x1b[K \x1b[01;35m\x1b[Kwarning: \x1b[m\x1b[Kvalue computed is not used [\x1b[01;35m\x1b[K\x1b]8;;https://gcc.gnu.org/onlinedocs/gcc/Warning-Options.html#index-Wunused-value\x07-Wunused-value\x1b]8;;\x07\x1b[m\x1b[K]\n'}
[6.415209] (sllidar_ros2) StderrLine: {'line': b'  427 |     \x1b[01;35m\x1b[K(int)::write(_selfpipe[1], "x", 1)\x1b[m\x1b[K;\n'}
[6.415381] (sllidar_ros2) StderrLine: {'line': b'      |     \x1b[01;35m\x1b[K^~~~~~~~~~~~~~~~~~~~~~~~~~~~~~~~~~\x1b[m\x1b[K\n'}
[6.516791] (-) TimerEvent: {}
[6.617355] (-) TimerEvent: {}
[6.712788] (sllidar_ros2) StdoutLine: {'line': b'[ 25%] \x1b[32mBuilding CXX object CMakeFiles/sllidar_node.dir/sdk/src/arch/linux/timer.cpp.o\x1b[0m\n'}
[6.721876] (-) TimerEvent: {}
[6.822789] (-) TimerEvent: {}
[6.924769] (-) TimerEvent: {}
[7.026773] (-) TimerEvent: {}
[7.127247] (-) TimerEvent: {}
[7.232829] (-) TimerEvent: {}
[7.245317] (sllidar_ros2) StdoutLine: {'line': b'[ 30%] \x1b[32mBuilding CXX object CMakeFiles/sllidar_node.dir/sdk/src/dataunpacker/dataunpacker.cpp.o\x1b[0m\n'}
[7.332951] (-) TimerEvent: {}
[7.433395] (-) TimerEvent: {}
[7.533898] (-) TimerEvent: {}
[7.634350] (-) TimerEvent: {}
[7.735034] (-) TimerEvent: {}
[7.835771] (-) TimerEvent: {}
[7.940105] (-) TimerEvent: {}
[8.042452] (-) TimerEvent: {}
[8.144816] (-) TimerEvent: {}
[8.246919] (-) TimerEvent: {}
[8.348767] (-) TimerEvent: {}
[8.449841] (-) TimerEvent: {}
[8.550889] (-) TimerEvent: {}
[8.654811] (-) TimerEvent: {}
[8.756768] (-) TimerEvent: {}
[8.858199] (-) TimerEvent: {}
[8.960022] (-) TimerEvent: {}
[9.060841] (-) TimerEvent: {}
[9.161279] (-) TimerEvent: {}
[9.261747] (-) TimerEvent: {}
[9.362465] (-) TimerEvent: {}
[9.383063] (sllidar_ros2) StdoutLine: {'line': b'[ 35%] \x1b[32mBuilding CXX object CMakeFiles/sllidar_node.dir/sdk/src/dataunpacker/unpacker/handler_capsules.cpp.o\x1b[0m\n'}
[9.463026] (-) TimerEvent: {}
[9.552557] (sllidar_ros2) StderrLine: {'line': b'In file included from \x1b[01m\x1b[K/home/raspi/Robots4ChildrenWithDisabilities/ROS2/ros2_ws/src/sllidar_ros2/./sdk/include/rplidar_protocol.h:36\x1b[m\x1b[K,\n'}
[9.557006] (sllidar_ros2) StderrLine: {'line': b'                 from \x1b[01m\x1b[K/home/raspi/Robots4ChildrenWithDisabilities/ROS2/ros2_ws/src/sllidar_ros2/./sdk/include/rplidar.h:39\x1b[m\x1b[K,\n'}
[9.557240] (sllidar_ros2) StderrLine: {'line': b'                 from \x1b[01m\x1b[K/home/raspi/Robots4ChildrenWithDisabilities/ROS2/ros2_ws/src/sllidar_ros2/./sdk/src/sdkcommon.h:49\x1b[m\x1b[K,\n'}
[9.557369] (sllidar_ros2) StderrLine: {'line': b'                 from \x1b[01m\x1b[K/home/raspi/Robots4ChildrenWithDisabilities/ROS2/ros2_ws/src/sllidar_ros2/sdk/src/dataunpacker/dataunnpacker_commondef.h:41\x1b[m\x1b[K,\n'}
[9.557491] (sllidar_ros2) StderrLine: {'line': b'                 from \x1b[01m\x1b[K/home/raspi/Robots4ChildrenWithDisabilities/ROS2/ros2_ws/src/sllidar_ros2/sdk/src/dataunpacker/dataunpacker.cpp:39\x1b[m\x1b[K:\n'}
[9.557599] (sllidar_ros2) StderrLine: {'line': b'\x1b[01m\x1b[K/home/raspi/Robots4ChildrenWithDisabilities/ROS2/ros2_ws/src/sllidar_ros2/./sdk/include/sl_lidar_protocol.h:66:16:\x1b[m\x1b[K \x1b[01;35m\x1b[Kwarning: \x1b[m\x1b[KISO C++ forbids zero-size array \xe2\x80\x98\x1b[01m\x1b[Kdata\x1b[m\x1b[K\xe2\x80\x99 [\x1b[01;35m\x1b[K\x1b]8;;https://gcc.gnu.org/onlinedocs/gcc/Warning-Options.html#index-Wpedantic\x07-Wpedantic\x1b]8;;\x07\x1b[m\x1b[K]\n'}
[9.557805] (sllidar_ros2) StderrLine: {'line': b'   66 |     sl_u8 data[\x1b[01;35m\x1b[K0\x1b[m\x1b[K];\n'}
[9.557980] (sllidar_ros2) StderrLine: {'line': b'      |                \x1b[01;35m\x1b[K^\x1b[m\x1b[K\n'}
[9.558103] (sllidar_ros2) StderrLine: {'line': b'In file included from \x1b[01m\x1b[K/home/raspi/Robots4ChildrenWithDisabilities/ROS2/ros2_ws/src/sllidar_ros2/./sdk/include/rplidar_cmd.h:36\x1b[m\x1b[K,\n'}
[9.558209] (sllidar_ros2) StderrLine: {'line': b'                 from \x1b[01m\x1b[K/home/raspi/Robots4ChildrenWithDisabilities/ROS2/ros2_ws/src/sllidar_ros2/./sdk/include/rplidar.h:40\x1b[m\x1b[K:\n'}
[9.558307] (sllidar_ros2) StderrLine: {'line': b'\x1b[01m\x1b[K/home/raspi/Robots4ChildrenWithDisabilities/ROS2/ros2_ws/src/sllidar_ros2/./sdk/include/sl_lidar_cmd.h:324:20:\x1b[m\x1b[K \x1b[01;35m\x1b[Kwarning: \x1b[m\x1b[KISO C++ forbids zero-size array \xe2\x80\x98\x1b[01m\x1b[Kpayload\x1b[m\x1b[K\xe2\x80\x99 [\x1b[01;35m\x1b[K\x1b]8;;https://gcc.gnu.org/onlinedocs/gcc/Warning-Options.html#index-Wpedantic\x07-Wpedantic\x1b]8;;\x07\x1b[m\x1b[K]\n'}
[9.558446] (sllidar_ros2) StderrLine: {'line': b'  324 |     sl_u8  payload[\x1b[01;35m\x1b[K0\x1b[m\x1b[K];\n'}
[9.558583] (sllidar_ros2) StderrLine: {'line': b'      |                    \x1b[01;35m\x1b[K^\x1b[m\x1b[K\n'}
[9.564606] (-) TimerEvent: {}
[9.667805] (-) TimerEvent: {}
[9.768265] (-) TimerEvent: {}
[9.873060] (-) TimerEvent: {}
[9.973569] (-) TimerEvent: {}
[10.074406] (-) TimerEvent: {}
[10.176535] (sllidar_ros2) StderrLine: {'line': b'In file included from \x1b[01m\x1b[K/home/raspi/Robots4ChildrenWithDisabilities/ROS2/ros2_ws/src/sllidar_ros2/sdk/src/dataunpacker/dataunpacker.cpp:40\x1b[m\x1b[K:\n'}
[10.178937] (-) TimerEvent: {}
[10.180419] (sllidar_ros2) StderrLine: {'line': b'\x1b[01m\x1b[K/home/raspi/Robots4ChildrenWithDisabilities/ROS2/ros2_ws/src/sllidar_ros2/sdk/src/dataunpacker/dataunpacker.h:\x1b[m\x1b[K In member function \xe2\x80\x98\x1b[01m\x1b[Kvirtual void sl::internal::LIDARSampleDataListener::\x1b[01;32m\x1b[KonCustomSampleDataDecoded\x1b[m\x1b[K(_u8, _u32, const void*, size_t)\x1b[m\x1b[K\xe2\x80\x99:\n'}
[10.180753] (sllidar_ros2) StderrLine: {'line': b'\x1b[01m\x1b[K/home/raspi/Robots4ChildrenWithDisabilities/ROS2/ros2_ws/src/sllidar_ros2/sdk/src/dataunpacker/dataunpacker.h:54:52:\x1b[m\x1b[K \x1b[01;35m\x1b[Kwarning: \x1b[m\x1b[Kunused parameter \xe2\x80\x98\x1b[01m\x1b[KansType\x1b[m\x1b[K\xe2\x80\x99 [\x1b[01;35m\x1b[K\x1b]8;;https://gcc.gnu.org/onlinedocs/gcc/Warning-Options.html#index-Wunused-parameter\x07-Wunused-parameter\x1b]8;;\x07\x1b[m\x1b[K]\n'}
[10.180935] (sllidar_ros2) StderrLine: {'line': b'   54 |         virtual void onCustomSampleDataDecoded(\x1b[01;35m\x1b[K_u8 ansType\x1b[m\x1b[K, _u32 customCode, const void* data, size_t size) {}\n'}
[10.181050] (sllidar_ros2) StderrLine: {'line': b'      |                                                \x1b[01;35m\x1b[K~~~~^~~~~~~\x1b[m\x1b[K\n'}
[10.181153] (sllidar_ros2) StderrLine: {'line': b'\x1b[01m\x1b[K/home/raspi/Robots4ChildrenWithDisabilities/ROS2/ros2_ws/src/sllidar_ros2/sdk/src/dataunpacker/dataunpacker.h:54:66:\x1b[m\x1b[K \x1b[01;35m\x1b[Kwarning: \x1b[m\x1b[Kunused parameter \xe2\x80\x98\x1b[01m\x1b[KcustomCode\x1b[m\x1b[K\xe2\x80\x99 [\x1b[01;35m\x1b[K\x1b]8;;https://gcc.gnu.org/onlinedocs/gcc/Warning-Options.html#index-Wunused-parameter\x07-Wunused-parameter\x1b]8;;\x07\x1b[m\x1b[K]\n'}
[10.181275] (sllidar_ros2) StderrLine: {'line': b'   54 |         virtual void onCustomSampleDataDecoded(_u8 ansType, \x1b[01;35m\x1b[K_u32 customCode\x1b[m\x1b[K, const void* data, size_t size) {}\n'}
[10.185993] (sllidar_ros2) StderrLine: {'line': b'      |                                                             \x1b[01;35m\x1b[K~~~~~^~~~~~~~~~\x1b[m\x1b[K\n'}
[10.189161] (sllidar_ros2) StderrLine: {'line': b'\x1b[01m\x1b[K/home/raspi/Robots4ChildrenWithDisabilities/ROS2/ros2_ws/src/sllidar_ros2/sdk/src/dataunpacker/dataunpacker.h:54:90:\x1b[m\x1b[K \x1b[01;35m\x1b[Kwarning: \x1b[m\x1b[Kunused parameter \xe2\x80\x98\x1b[01m\x1b[Kdata\x1b[m\x1b[K\xe2\x80\x99 [\x1b[01;35m\x1b[K\x1b]8;;https://gcc.gnu.org/onlinedocs/gcc/Warning-Options.html#index-Wunused-parameter\x07-Wunused-parameter\x1b]8;;\x07\x1b[m\x1b[K]\n'}
[10.189411] (sllidar_ros2) StderrLine: {'line': b'   54 |         virtual void onCustomSampleDataDecoded(_u8 ansType, _u32 customCode, \x1b[01;35m\x1b[Kconst void* data\x1b[m\x1b[K, size_t size) {}\n'}
[10.189591] (sllidar_ros2) StderrLine: {'line': b'      |                                                                              \x1b[01;35m\x1b[K~~~~~~~~~~~~^~~~\x1b[m\x1b[K\n'}
[10.189793] (sllidar_ros2) StderrLine: {'line': b'\x1b[01m\x1b[K/home/raspi/Robots4ChildrenWithDisabilities/ROS2/ros2_ws/src/sllidar_ros2/sdk/src/dataunpacker/dataunpacker.h:54:103:\x1b[m\x1b[K \x1b[01;35m\x1b[Kwarning: \x1b[m\x1b[Kunused parameter \xe2\x80\x98\x1b[01m\x1b[Ksize\x1b[m\x1b[K\xe2\x80\x99 [\x1b[01;35m\x1b[K\x1b]8;;https://gcc.gnu.org/onlinedocs/gcc/Warning-Options.html#index-Wunused-parameter\x07-Wunused-parameter\x1b]8;;\x07\x1b[m\x1b[K]\n'}
[10.189971] (sllidar_ros2) StderrLine: {'line': b'   54 |         virtual void onCustomSampleDataDecoded(_u8 ansType, _u32 customCode, const void* data, \x1b[01;35m\x1b[Ksize_t size\x1b[m\x1b[K) {}\n'}
[10.190105] (sllidar_ros2) StderrLine: {'line': b'      |                                                                                                \x1b[01;35m\x1b[K~~~~~~~^~~~\x1b[m\x1b[K\n'}
[10.190299] (sllidar_ros2) StderrLine: {'line': b'\x1b[01m\x1b[K/home/raspi/Robots4ChildrenWithDisabilities/ROS2/ros2_ws/src/sllidar_ros2/sdk/src/dataunpacker/dataunpacker.h:\x1b[m\x1b[K In member function \xe2\x80\x98\x1b[01m\x1b[Kvirtual void sl::internal::LIDARSampleDataListener::\x1b[01;32m\x1b[KonDecodingError\x1b[m\x1b[K(int, _u8, const void*, size_t)\x1b[m\x1b[K\xe2\x80\x99:\n'}
[10.190430] (sllidar_ros2) StderrLine: {'line': b'\x1b[01m\x1b[K/home/raspi/Robots4ChildrenWithDisabilities/ROS2/ros2_ws/src/sllidar_ros2/sdk/src/dataunpacker/dataunpacker.h:56:42:\x1b[m\x1b[K \x1b[01;35m\x1b[Kwarning: \x1b[m\x1b[Kunused parameter \xe2\x80\x98\x1b[01m\x1b[KerrMsg\x1b[m\x1b[K\xe2\x80\x99 [\x1b[01;35m\x1b[K\x1b]8;;https://gcc.gnu.org/onlinedocs/gcc/Warning-Options.html#index-Wunused-parameter\x07-Wunused-parameter\x1b]8;;\x07\x1b[m\x1b[K]\n'}
[10.190553] (sllidar_ros2) StderrLine: {'line': b'   56 |         virtual void onDecodingError(\x1b[01;35m\x1b[Kint errMsg\x1b[m\x1b[K, _u8 ansType, const void* payload, size_t size) {}\n'}
[10.190733] (sllidar_ros2) StderrLine: {'line': b'      |                                      \x1b[01;35m\x1b[K~~~~^~~~~~\x1b[m\x1b[K\n'}
[10.190905] (sllidar_ros2) StderrLine: {'line': b'\x1b[01m\x1b[K/home/raspi/Robots4ChildrenWithDisabilities/ROS2/ros2_ws/src/sllidar_ros2/sdk/src/dataunpacker/dataunpacker.h:56:54:\x1b[m\x1b[K \x1b[01;35m\x1b[Kwarning: \x1b[m\x1b[Kunused parameter \xe2\x80\x98\x1b[01m\x1b[KansType\x1b[m\x1b[K\xe2\x80\x99 [\x1b[01;35m\x1b[K\x1b]8;;https://gcc.gnu.org/onlinedocs/gcc/Warning-Options.html#index-Wunused-parameter\x07-Wunused-parameter\x1b]8;;\x07\x1b[m\x1b[K]\n'}
[10.191056] (sllidar_ros2) StderrLine: {'line': b'   56 |         virtual void onDecodingError(int errMsg, \x1b[01;35m\x1b[K_u8 ansType\x1b[m\x1b[K, const void* payload, size_t size) {}\n'}
[10.191172] (sllidar_ros2) StderrLine: {'line': b'      |                                                  \x1b[01;35m\x1b[K~~~~^~~~~~~\x1b[m\x1b[K\n'}
[10.191303] (sllidar_ros2) StderrLine: {'line': b'\x1b[01m\x1b[K/home/raspi/Robots4ChildrenWithDisabilities/ROS2/ros2_ws/src/sllidar_ros2/sdk/src/dataunpacker/dataunpacker.h:56:75:\x1b[m\x1b[K \x1b[01;35m\x1b[Kwarning: \x1b[m\x1b[Kunused parameter \xe2\x80\x98\x1b[01m\x1b[Kpayload\x1b[m\x1b[K\xe2\x80\x99 [\x1b[01;35m\x1b[K\x1b]8;;https://gcc.gnu.org/onlinedocs/gcc/Warning-Options.html#index-Wunused-parameter\x07-Wunused-parameter\x1b]8;;\x07\x1b[m\x1b[K]\n'}
[10.191420] (sllidar_ros2) StderrLine: {'line': b'   56 |         virtual void onDecodingError(int errMsg, _u8 ansType, \x1b[01;35m\x1b[Kconst void* payload\x1b[m\x1b[K, size_t size) {}\n'}
[10.191541] (sllidar_ros2) StderrLine: {'line': b'      |                                                               \x1b[01;35m\x1b[K~~~~~~~~~~~~^~~~~~~\x1b[m\x1b[K\n'}
[10.191657] (sllidar_ros2) StderrLine: {'line': b'\x1b[01m\x1b[K/home/raspi/Robots4ChildrenWithDisabilities/ROS2/ros2_ws/src/sllidar_ros2/sdk/src/dataunpacker/dataunpacker.h:56:91:\x1b[m\x1b[K \x1b[01;35m\x1b[Kwarning: \x1b[m\x1b[Kunused parameter \xe2\x80\x98\x1b[01m\x1b[Ksize\x1b[m\x1b[K\xe2\x80\x99 [\x1b[01;35m\x1b[K\x1b]8;;https://gcc.gnu.org/onlinedocs/gcc/Warning-Options.html#index-Wunused-parameter\x07-Wunused-parameter\x1b]8;;\x07\x1b[m\x1b[K]\n'}
[10.198902] (sllidar_ros2) StderrLine: {'line': b'   56 |         virtual void onDecodingError(int errMsg, _u8 ansType, const void* payload, \x1b[01;35m\x1b[Ksize_t size\x1b[m\x1b[K) {}\n'}
[10.199083] (sllidar_ros2) StderrLine: {'line': b'      |                                                                                    \x1b[01;35m\x1b[K~~~~~~~^~~~\x1b[m\x1b[K\n'}
[10.279833] (-) TimerEvent: {}
[10.381209] (-) TimerEvent: {}
[10.483785] (-) TimerEvent: {}
[10.584264] (-) TimerEvent: {}
[10.684768] (-) TimerEvent: {}
[10.786982] (-) TimerEvent: {}
[10.888845] (-) TimerEvent: {}
[10.990801] (-) TimerEvent: {}
[11.091227] (-) TimerEvent: {}
[11.194852] (-) TimerEvent: {}
[11.195316] (sllidar_ros2) StdoutLine: {'line': b'[ 40%] \x1b[32mBuilding CXX object CMakeFiles/sllidar_node.dir/sdk/src/dataunpacker/unpacker/handler_hqnode.cpp.o\x1b[0m\n'}
[11.295942] (-) TimerEvent: {}
[11.398780] (-) TimerEvent: {}
[11.502768] (-) TimerEvent: {}
[11.603998] (-) TimerEvent: {}
[11.705748] (-) TimerEvent: {}
[11.810159] (-) TimerEvent: {}
[11.916147] (-) TimerEvent: {}
[11.943182] (sllidar_ros2) StderrLine: {'line': b'In file included from \x1b[01m\x1b[K/home/raspi/Robots4ChildrenWithDisabilities/ROS2/ros2_ws/src/sllidar_ros2/./sdk/include/sl_lidar_cmd.h:41\x1b[m\x1b[K,\n'}
[11.943536] (sllidar_ros2) StderrLine: {'line': b'                 from \x1b[01m\x1b[K/home/raspi/Robots4ChildrenWithDisabilities/ROS2/ros2_ws/src/sllidar_ros2/./sdk/include/sl_lidar_driver.h:54\x1b[m\x1b[K,\n'}
[11.943788] (sllidar_ros2) StderrLine: {'line': b'                 from \x1b[01m\x1b[K/home/raspi/Robots4ChildrenWithDisabilities/ROS2/ros2_ws/src/sllidar_ros2/./sdk/include/sl_lidar.h:36\x1b[m\x1b[K,\n'}
[11.943964] (sllidar_ros2) StderrLine: {'line': b'                 from \x1b[01m\x1b[K/home/raspi/Robots4ChildrenWithDisabilities/ROS2/ros2_ws/src/sllidar_ros2/src/sllidar_node.cpp:38\x1b[m\x1b[K:\n'}
[11.944087] (sllidar_ros2) StderrLine: {'line': b'\x1b[01m\x1b[K/home/raspi/Robots4ChildrenWithDisabilities/ROS2/ros2_ws/src/sllidar_ros2/./sdk/include/sl_lidar_protocol.h:66:16:\x1b[m\x1b[K \x1b[01;35m\x1b[Kwarning: \x1b[m\x1b[KISO C++ forbids zero-size array \xe2\x80\x98\x1b[01m\x1b[Kdata\x1b[m\x1b[K\xe2\x80\x99 [\x1b[01;35m\x1b[K\x1b]8;;https://gcc.gnu.org/onlinedocs/gcc/Warning-Options.html#index-Wpedantic\x07-Wpedantic\x1b]8;;\x07\x1b[m\x1b[K]\n'}
[11.944213] (sllidar_ros2) StderrLine: {'line': b'   66 |     sl_u8 data[\x1b[01;35m\x1b[K0\x1b[m\x1b[K];\n'}
[11.944326] (sllidar_ros2) StderrLine: {'line': b'      |                \x1b[01;35m\x1b[K^\x1b[m\x1b[K\n'}
[11.944444] (sllidar_ros2) StderrLine: {'line': b'\x1b[01m\x1b[K/home/raspi/Robots4ChildrenWithDisabilities/ROS2/ros2_ws/src/sllidar_ros2/./sdk/include/sl_lidar_cmd.h:324:20:\x1b[m\x1b[K \x1b[01;35m\x1b[Kwarning: \x1b[m\x1b[KISO C++ forbids zero-size array \xe2\x80\x98\x1b[01m\x1b[Kpayload\x1b[m\x1b[K\xe2\x80\x99 [\x1b[01;35m\x1b[K\x1b]8;;https://gcc.gnu.org/onlinedocs/gcc/Warning-Options.html#index-Wpedantic\x07-Wpedantic\x1b]8;;\x07\x1b[m\x1b[K]\n'}
[11.944571] (sllidar_ros2) StderrLine: {'line': b'  324 |     sl_u8  payload[\x1b[01;35m\x1b[K0\x1b[m\x1b[K];\n'}
[11.944708] (sllidar_ros2) StderrLine: {'line': b'      |                    \x1b[01;35m\x1b[K^\x1b[m\x1b[K\n'}
[12.021872] (-) TimerEvent: {}
[12.117212] (sllidar_ros2) StderrLine: {'line': b'In file included from \x1b[01m\x1b[K/home/raspi/Robots4ChildrenWithDisabilities/ROS2/ros2_ws/src/sllidar_ros2/./sdk/include/rplidar_protocol.h:36\x1b[m\x1b[K,\n'}
[12.117633] (sllidar_ros2) StderrLine: {'line': b'                 from \x1b[01m\x1b[K/home/raspi/Robots4ChildrenWithDisabilities/ROS2/ros2_ws/src/sllidar_ros2/./sdk/include/rplidar.h:39\x1b[m\x1b[K,\n'}
[12.117947] (sllidar_ros2) StderrLine: {'line': b'                 from \x1b[01m\x1b[K/home/raspi/Robots4ChildrenWithDisabilities/ROS2/ros2_ws/src/sllidar_ros2/./sdk/src/sdkcommon.h:49\x1b[m\x1b[K,\n'}
[12.118265] (sllidar_ros2) StderrLine: {'line': b'                 from \x1b[01m\x1b[K/home/raspi/Robots4ChildrenWithDisabilities/ROS2/ros2_ws/src/sllidar_ros2/sdk/src/dataunpacker/unpacker/../dataunnpacker_commondef.h:41\x1b[m\x1b[K,\n'}
[12.118614] (sllidar_ros2) StderrLine: {'line': b'                 from \x1b[01m\x1b[K/home/raspi/Robots4ChildrenWithDisabilities/ROS2/ros2_ws/src/sllidar_ros2/sdk/src/dataunpacker/unpacker/handler_capsules.cpp:39\x1b[m\x1b[K:\n'}
[12.118953] (sllidar_ros2) StderrLine: {'line': b'\x1b[01m\x1b[K/home/raspi/Robots4ChildrenWithDisabilities/ROS2/ros2_ws/src/sllidar_ros2/./sdk/include/sl_lidar_protocol.h:66:16:\x1b[m\x1b[K \x1b[01;35m\x1b[Kwarning: \x1b[m\x1b[KISO C++ forbids zero-size array \xe2\x80\x98\x1b[01m\x1b[Kdata\x1b[m\x1b[K\xe2\x80\x99 [\x1b[01;35m\x1b[K\x1b]8;;https://gcc.gnu.org/onlinedocs/gcc/Warning-Options.html#index-Wpedantic\x07-Wpedantic\x1b]8;;\x07\x1b[m\x1b[K]\n'}
[12.119245] (sllidar_ros2) StderrLine: {'line': b'   66 |     sl_u8 data[\x1b[01;35m\x1b[K0\x1b[m\x1b[K];\n'}
[12.120922] (sllidar_ros2) StderrLine: {'line': b'      |                \x1b[01;35m\x1b[K^\x1b[m\x1b[K\n'}
[12.122094] (-) TimerEvent: {}
[12.123039] (sllidar_ros2) StderrLine: {'line': b'In file included from \x1b[01m\x1b[K/home/raspi/Robots4ChildrenWithDisabilities/ROS2/ros2_ws/src/sllidar_ros2/./sdk/include/rplidar_cmd.h:36\x1b[m\x1b[K,\n'}
[12.125546] (sllidar_ros2) StderrLine: {'line': b'                 from \x1b[01m\x1b[K/home/raspi/Robots4ChildrenWithDisabilities/ROS2/ros2_ws/src/sllidar_ros2/./sdk/include/rplidar.h:40\x1b[m\x1b[K:\n'}
[12.128048] (sllidar_ros2) StderrLine: {'line': b'\x1b[01m\x1b[K/home/raspi/Robots4ChildrenWithDisabilities/ROS2/ros2_ws/src/sllidar_ros2/./sdk/include/sl_lidar_cmd.h:324:20:\x1b[m\x1b[K \x1b[01;35m\x1b[Kwarning: \x1b[m\x1b[KISO C++ forbids zero-size array \xe2\x80\x98\x1b[01m\x1b[Kpayload\x1b[m\x1b[K\xe2\x80\x99 [\x1b[01;35m\x1b[K\x1b]8;;https://gcc.gnu.org/onlinedocs/gcc/Warning-Options.html#index-Wpedantic\x07-Wpedantic\x1b]8;;\x07\x1b[m\x1b[K]\n'}
[12.128359] (sllidar_ros2) StderrLine: {'line': b'  324 |     sl_u8  payload[\x1b[01;35m\x1b[K0\x1b[m\x1b[K];\n'}
[12.129844] (sllidar_ros2) StderrLine: {'line': b'      |                    \x1b[01;35m\x1b[K^\x1b[m\x1b[K\n'}
[12.222639] (-) TimerEvent: {}
[12.323778] (-) TimerEvent: {}
[12.424440] (-) TimerEvent: {}
[12.492908] (sllidar_ros2) StderrLine: {'line': b'In file included from \x1b[01m\x1b[K/home/raspi/Robots4ChildrenWithDisabilities/ROS2/ros2_ws/src/sllidar_ros2/sdk/src/dataunpacker/unpacker/handler_capsules.cpp:40\x1b[m\x1b[K:\n'}
[12.495912] (sllidar_ros2) StderrLine: {'line': b'\x1b[01m\x1b[K/home/raspi/Robots4ChildrenWithDisabilities/ROS2/ros2_ws/src/sllidar_ros2/sdk/src/dataunpacker/unpacker/../dataunpacker.h:\x1b[m\x1b[K In member function \xe2\x80\x98\x1b[01m\x1b[Kvirtual void sl::internal::LIDARSampleDataListener::\x1b[01;32m\x1b[KonCustomSampleDataDecoded\x1b[m\x1b[K(_u8, _u32, const void*, size_t)\x1b[m\x1b[K\xe2\x80\x99:\n'}
[12.496150] (sllidar_ros2) StderrLine: {'line': b'\x1b[01m\x1b[K/home/raspi/Robots4ChildrenWithDisabilities/ROS2/ros2_ws/src/sllidar_ros2/sdk/src/dataunpacker/unpacker/../dataunpacker.h:54:52:\x1b[m\x1b[K \x1b[01;35m\x1b[Kwarning: \x1b[m\x1b[Kunused parameter \xe2\x80\x98\x1b[01m\x1b[KansType\x1b[m\x1b[K\xe2\x80\x99 [\x1b[01;35m\x1b[K\x1b]8;;https://gcc.gnu.org/onlinedocs/gcc/Warning-Options.html#index-Wunused-parameter\x07-Wunused-parameter\x1b]8;;\x07\x1b[m\x1b[K]\n'}
[12.496312] (sllidar_ros2) StderrLine: {'line': b'   54 |         virtual void onCustomSampleDataDecoded(\x1b[01;35m\x1b[K_u8 ansType\x1b[m\x1b[K, _u32 customCode, const void* data, size_t size) {}\n'}
[12.496443] (sllidar_ros2) StderrLine: {'line': b'      |                                                \x1b[01;35m\x1b[K~~~~^~~~~~~\x1b[m\x1b[K\n'}
[12.496588] (sllidar_ros2) StderrLine: {'line': b'\x1b[01m\x1b[K/home/raspi/Robots4ChildrenWithDisabilities/ROS2/ros2_ws/src/sllidar_ros2/sdk/src/dataunpacker/unpacker/../dataunpacker.h:54:66:\x1b[m\x1b[K \x1b[01;35m\x1b[Kwarning: \x1b[m\x1b[Kunused parameter \xe2\x80\x98\x1b[01m\x1b[KcustomCode\x1b[m\x1b[K\xe2\x80\x99 [\x1b[01;35m\x1b[K\x1b]8;;https://gcc.gnu.org/onlinedocs/gcc/Warning-Options.html#index-Wunused-parameter\x07-Wunused-parameter\x1b]8;;\x07\x1b[m\x1b[K]\n'}
[12.496807] (sllidar_ros2) StderrLine: {'line': b'   54 |         virtual void onCustomSampleDataDecoded(_u8 ansType, \x1b[01;35m\x1b[K_u32 customCode\x1b[m\x1b[K, const void* data, size_t size) {}\n'}
[12.496958] (sllidar_ros2) StderrLine: {'line': b'      |                                                             \x1b[01;35m\x1b[K~~~~~^~~~~~~~~~\x1b[m\x1b[K\n'}
[12.500628] (sllidar_ros2) StderrLine: {'line': b'\x1b[01m\x1b[K/home/raspi/Robots4ChildrenWithDisabilities/ROS2/ros2_ws/src/sllidar_ros2/sdk/src/dataunpacker/unpacker/../dataunpacker.h:54:90:\x1b[m\x1b[K \x1b[01;35m\x1b[Kwarning: \x1b[m\x1b[Kunused parameter \xe2\x80\x98\x1b[01m\x1b[Kdata\x1b[m\x1b[K\xe2\x80\x99 [\x1b[01;35m\x1b[K\x1b]8;;https://gcc.gnu.org/onlinedocs/gcc/Warning-Options.html#index-Wunused-parameter\x07-Wunused-parameter\x1b]8;;\x07\x1b[m\x1b[K]\n'}
[12.501412] (sllidar_ros2) StderrLine: {'line': b'   54 |         virtual void onCustomSampleDataDecoded(_u8 ansType, _u32 customCode, \x1b[01;35m\x1b[Kconst void* data\x1b[m\x1b[K, size_t size) {}\n'}
[12.501591] (sllidar_ros2) StderrLine: {'line': b'      |                                                                              \x1b[01;35m\x1b[K~~~~~~~~~~~~^~~~\x1b[m\x1b[K\n'}
[12.501748] (sllidar_ros2) StderrLine: {'line': b'\x1b[01m\x1b[K/home/raspi/Robots4ChildrenWithDisabilities/ROS2/ros2_ws/src/sllidar_ros2/sdk/src/dataunpacker/unpacker/../dataunpacker.h:54:103:\x1b[m\x1b[K \x1b[01;35m\x1b[Kwarning: \x1b[m\x1b[Kunused parameter \xe2\x80\x98\x1b[01m\x1b[Ksize\x1b[m\x1b[K\xe2\x80\x99 [\x1b[01;35m\x1b[K\x1b]8;;https://gcc.gnu.org/onlinedocs/gcc/Warning-Options.html#index-Wunused-parameter\x07-Wunused-parameter\x1b]8;;\x07\x1b[m\x1b[K]\n'}
[12.501892] (sllidar_ros2) StderrLine: {'line': b'   54 |         virtual void onCustomSampleDataDecoded(_u8 ansType, _u32 customCode, const void* data, \x1b[01;35m\x1b[Ksize_t size\x1b[m\x1b[K) {}\n'}
[12.501995] (sllidar_ros2) StderrLine: {'line': b'      |                                                                                                \x1b[01;35m\x1b[K~~~~~~~^~~~\x1b[m\x1b[K\n'}
[12.502122] (sllidar_ros2) StderrLine: {'line': b'\x1b[01m\x1b[K/home/raspi/Robots4ChildrenWithDisabilities/ROS2/ros2_ws/src/sllidar_ros2/sdk/src/dataunpacker/unpacker/../dataunpacker.h:\x1b[m\x1b[K In member function \xe2\x80\x98\x1b[01m\x1b[Kvirtual void sl::internal::LIDARSampleDataListener::\x1b[01;32m\x1b[KonDecodingError\x1b[m\x1b[K(int, _u8, const void*, size_t)\x1b[m\x1b[K\xe2\x80\x99:\n'}
[12.502228] (sllidar_ros2) StderrLine: {'line': b'\x1b[01m\x1b[K/home/raspi/Robots4ChildrenWithDisabilities/ROS2/ros2_ws/src/sllidar_ros2/sdk/src/dataunpacker/unpacker/../dataunpacker.h:56:42:\x1b[m\x1b[K \x1b[01;35m\x1b[Kwarning: \x1b[m\x1b[Kunused parameter \xe2\x80\x98\x1b[01m\x1b[KerrMsg\x1b[m\x1b[K\xe2\x80\x99 [\x1b[01;35m\x1b[K\x1b]8;;https://gcc.gnu.org/onlinedocs/gcc/Warning-Options.html#index-Wunused-parameter\x07-Wunused-parameter\x1b]8;;\x07\x1b[m\x1b[K]\n'}
[12.502323] (sllidar_ros2) StderrLine: {'line': b'   56 |         virtual void onDecodingError(\x1b[01;35m\x1b[Kint errMsg\x1b[m\x1b[K, _u8 ansType, const void* payload, size_t size) {}\n'}
[12.502411] (sllidar_ros2) StderrLine: {'line': b'      |                                      \x1b[01;35m\x1b[K~~~~^~~~~~\x1b[m\x1b[K\n'}
[12.502496] (sllidar_ros2) StderrLine: {'line': b'\x1b[01m\x1b[K/home/raspi/Robots4ChildrenWithDisabilities/ROS2/ros2_ws/src/sllidar_ros2/sdk/src/dataunpacker/unpacker/../dataunpacker.h:56:54:\x1b[m\x1b[K \x1b[01;35m\x1b[Kwarning: \x1b[m\x1b[Kunused parameter \xe2\x80\x98\x1b[01m\x1b[KansType\x1b[m\x1b[K\xe2\x80\x99 [\x1b[01;35m\x1b[K\x1b]8;;https://gcc.gnu.org/onlinedocs/gcc/Warning-Options.html#index-Wunused-parameter\x07-Wunused-parameter\x1b]8;;\x07\x1b[m\x1b[K]\n'}
[12.502635] (sllidar_ros2) StderrLine: {'line': b'   56 |         virtual void onDecodingError(int errMsg, \x1b[01;35m\x1b[K_u8 ansType\x1b[m\x1b[K, const void* payload, size_t size) {}\n'}
[12.502802] (sllidar_ros2) StderrLine: {'line': b'      |                                                  \x1b[01;35m\x1b[K~~~~^~~~~~~\x1b[m\x1b[K\n'}
[12.502912] (sllidar_ros2) StderrLine: {'line': b'\x1b[01m\x1b[K/home/raspi/Robots4ChildrenWithDisabilities/ROS2/ros2_ws/src/sllidar_ros2/sdk/src/dataunpacker/unpacker/../dataunpacker.h:56:75:\x1b[m\x1b[K \x1b[01;35m\x1b[Kwarning: \x1b[m\x1b[Kunused parameter \xe2\x80\x98\x1b[01m\x1b[Kpayload\x1b[m\x1b[K\xe2\x80\x99 [\x1b[01;35m\x1b[K\x1b]8;;https://gcc.gnu.org/onlinedocs/gcc/Warning-Options.html#index-Wunused-parameter\x07-Wunused-parameter\x1b]8;;\x07\x1b[m\x1b[K]\n'}
[12.503024] (sllidar_ros2) StderrLine: {'line': b'   56 |         virtual void onDecodingError(int errMsg, _u8 ansType, \x1b[01;35m\x1b[Kconst void* payload\x1b[m\x1b[K, size_t size) {}\n'}
[12.503142] (sllidar_ros2) StderrLine: {'line': b'      |                                                               \x1b[01;35m\x1b[K~~~~~~~~~~~~^~~~~~~\x1b[m\x1b[K\n'}
[12.503250] (sllidar_ros2) StderrLine: {'line': b'\x1b[01m\x1b[K/home/raspi/Robots4ChildrenWithDisabilities/ROS2/ros2_ws/src/sllidar_ros2/sdk/src/dataunpacker/unpacker/../dataunpacker.h:56:91:\x1b[m\x1b[K \x1b[01;35m\x1b[Kwarning: \x1b[m\x1b[Kunused parameter \xe2\x80\x98\x1b[01m\x1b[Ksize\x1b[m\x1b[K\xe2\x80\x99 [\x1b[01;35m\x1b[K\x1b]8;;https://gcc.gnu.org/onlinedocs/gcc/Warning-Options.html#index-Wunused-parameter\x07-Wunused-parameter\x1b]8;;\x07\x1b[m\x1b[K]\n'}
[12.503360] (sllidar_ros2) StderrLine: {'line': b'   56 |         virtual void onDecodingError(int errMsg, _u8 ansType, const void* payload, \x1b[01;35m\x1b[Ksize_t size\x1b[m\x1b[K) {}\n'}
[12.503469] (sllidar_ros2) StderrLine: {'line': b'      |                                                                                    \x1b[01;35m\x1b[K~~~~~~~^~~~\x1b[m\x1b[K\n'}
[12.533198] (-) TimerEvent: {}
[12.540913] (sllidar_ros2) StderrLine: {'line': b'\x1b[01m\x1b[K/home/raspi/Robots4ChildrenWithDisabilities/ROS2/ros2_ws/src/sllidar_ros2/sdk/src/dataunpacker/unpacker/handler_capsules.cpp:\x1b[m\x1b[K In member function \xe2\x80\x98\x1b[01m\x1b[Kvoid sl::internal::unpacker::UnpackerHandler_DenseCapsuleNode::\x1b[01;32m\x1b[K_onScanNodeDenseCapsuleData\x1b[m\x1b[K(rplidar_response_dense_capsule_measurement_nodes_t&, sl::internal::LIDARSampleDataUnpackerInner*)\x1b[m\x1b[K\xe2\x80\x99:\n'}
[12.541298] (sllidar_ros2) StderrLine: {'line': b'\x1b[01m\x1b[K/home/raspi/Robots4ChildrenWithDisabilities/ROS2/ros2_ws/src/sllidar_ros2/sdk/src/dataunpacker/unpacker/handler_capsules.cpp:763:30:\x1b[m\x1b[K \x1b[01;35m\x1b[Kwarning: \x1b[m\x1b[Ktype qualifiers ignored on cast result type [\x1b[01;35m\x1b[K\x1b]8;;https://gcc.gnu.org/onlinedocs/gcc/Warning-Options.html#index-Wignored-qualifiers\x07-Wignored-qualifiers\x1b]8;;\x07\x1b[m\x1b[K]\n'}
[12.541487] (sllidar_ros2) StderrLine: {'line': b'  763 |             const int dist = \x1b[01;35m\x1b[Kstatic_cast<const int>(_cached_previous_dense_capsuledata.cabins[pos].distance)\x1b[m\x1b[K;\n'}
[12.541621] (sllidar_ros2) StderrLine: {'line': b'      |                              \x1b[01;35m\x1b[K^~~~~~~~~~~~~~~~~~~~~~~~~~~~~~~~~~~~~~~~~~~~~~~~~~~~~~~~~~~~~~~~~~~~~~~~~~~~~~~\x1b[m\x1b[K\n'}
[12.633397] (-) TimerEvent: {}
[12.735846] (-) TimerEvent: {}
[12.837820] (-) TimerEvent: {}
[12.939597] (-) TimerEvent: {}
[13.040201] (-) TimerEvent: {}
[13.143799] (-) TimerEvent: {}
[13.244221] (-) TimerEvent: {}
[13.347514] (-) TimerEvent: {}
[13.406466] (sllidar_ros2) StdoutLine: {'line': b'[ 45%] \x1b[32mBuilding CXX object CMakeFiles/sllidar_node.dir/sdk/src/dataunpacker/unpacker/handler_normalnode.cpp.o\x1b[0m\n'}
[13.448169] (-) TimerEvent: {}
[13.550811] (-) TimerEvent: {}
[13.651395] (-) TimerEvent: {}
[13.753104] (-) TimerEvent: {}
[13.854585] (-) TimerEvent: {}
[13.924462] (sllidar_ros2) StderrLine: {'line': b'In file included from \x1b[01m\x1b[K/home/raspi/Robots4ChildrenWithDisabilities/ROS2/ros2_ws/src/sllidar_ros2/./sdk/include/rplidar_protocol.h:36\x1b[m\x1b[K,\n'}
[13.926696] (sllidar_ros2) StderrLine: {'line': b'                 from \x1b[01m\x1b[K/home/raspi/Robots4ChildrenWithDisabilities/ROS2/ros2_ws/src/sllidar_ros2/./sdk/include/rplidar.h:39\x1b[m\x1b[K,\n'}
[13.927149] (sllidar_ros2) StderrLine: {'line': b'                 from \x1b[01m\x1b[K/home/raspi/Robots4ChildrenWithDisabilities/ROS2/ros2_ws/src/sllidar_ros2/./sdk/src/sdkcommon.h:49\x1b[m\x1b[K,\n'}
[13.927317] (sllidar_ros2) StderrLine: {'line': b'                 from \x1b[01m\x1b[K/home/raspi/Robots4ChildrenWithDisabilities/ROS2/ros2_ws/src/sllidar_ros2/sdk/src/dataunpacker/unpacker/../dataunnpacker_commondef.h:41\x1b[m\x1b[K,\n'}
[13.927465] (sllidar_ros2) StderrLine: {'line': b'                 from \x1b[01m\x1b[K/home/raspi/Robots4ChildrenWithDisabilities/ROS2/ros2_ws/src/sllidar_ros2/sdk/src/dataunpacker/unpacker/handler_hqnode.cpp:39\x1b[m\x1b[K:\n'}
[13.927617] (sllidar_ros2) StderrLine: {'line': b'\x1b[01m\x1b[K/home/raspi/Robots4ChildrenWithDisabilities/ROS2/ros2_ws/src/sllidar_ros2/./sdk/include/sl_lidar_protocol.h:66:16:\x1b[m\x1b[K \x1b[01;35m\x1b[Kwarning: \x1b[m\x1b[KISO C++ forbids zero-size array \xe2\x80\x98\x1b[01m\x1b[Kdata\x1b[m\x1b[K\xe2\x80\x99 [\x1b[01;35m\x1b[K\x1b]8;;https://gcc.gnu.org/onlinedocs/gcc/Warning-Options.html#index-Wpedantic\x07-Wpedantic\x1b]8;;\x07\x1b[m\x1b[K]\n'}
[13.927843] (sllidar_ros2) StderrLine: {'line': b'   66 |     sl_u8 data[\x1b[01;35m\x1b[K0\x1b[m\x1b[K];\n'}
[13.927996] (sllidar_ros2) StderrLine: {'line': b'      |                \x1b[01;35m\x1b[K^\x1b[m\x1b[K\n'}
[13.928142] (sllidar_ros2) StderrLine: {'line': b'In file included from \x1b[01m\x1b[K/home/raspi/Robots4ChildrenWithDisabilities/ROS2/ros2_ws/src/sllidar_ros2/./sdk/include/rplidar_cmd.h:36\x1b[m\x1b[K,\n'}
[13.928264] (sllidar_ros2) StderrLine: {'line': b'                 from \x1b[01m\x1b[K/home/raspi/Robots4ChildrenWithDisabilities/ROS2/ros2_ws/src/sllidar_ros2/./sdk/include/rplidar.h:40\x1b[m\x1b[K:\n'}
[13.928369] (sllidar_ros2) StderrLine: {'line': b'\x1b[01m\x1b[K/home/raspi/Robots4ChildrenWithDisabilities/ROS2/ros2_ws/src/sllidar_ros2/./sdk/include/sl_lidar_cmd.h:324:20:\x1b[m\x1b[K \x1b[01;35m\x1b[Kwarning: \x1b[m\x1b[KISO C++ forbids zero-size array \xe2\x80\x98\x1b[01m\x1b[Kpayload\x1b[m\x1b[K\xe2\x80\x99 [\x1b[01;35m\x1b[K\x1b]8;;https://gcc.gnu.org/onlinedocs/gcc/Warning-Options.html#index-Wpedantic\x07-Wpedantic\x1b]8;;\x07\x1b[m\x1b[K]\n'}
[13.928516] (sllidar_ros2) StderrLine: {'line': b'  324 |     sl_u8  payload[\x1b[01;35m\x1b[K0\x1b[m\x1b[K];\n'}
[13.928620] (sllidar_ros2) StderrLine: {'line': b'      |                    \x1b[01;35m\x1b[K^\x1b[m\x1b[K\n'}
[13.958708] (-) TimerEvent: {}
[14.059984] (-) TimerEvent: {}
[14.160542] (-) TimerEvent: {}
[14.261869] (-) TimerEvent: {}
[14.365963] (-) TimerEvent: {}
[14.394404] (sllidar_ros2) StderrLine: {'line': b'In file included from \x1b[01m\x1b[K/home/raspi/Robots4ChildrenWithDisabilities/ROS2/ros2_ws/src/sllidar_ros2/sdk/src/dataunpacker/unpacker/handler_hqnode.cpp:40\x1b[m\x1b[K:\n'}
[14.397366] (sllidar_ros2) StderrLine: {'line': b'\x1b[01m\x1b[K/home/raspi/Robots4ChildrenWithDisabilities/ROS2/ros2_ws/src/sllidar_ros2/sdk/src/dataunpacker/unpacker/../dataunpacker.h:\x1b[m\x1b[K In member function \xe2\x80\x98\x1b[01m\x1b[Kvirtual void sl::internal::LIDARSampleDataListener::\x1b[01;32m\x1b[KonCustomSampleDataDecoded\x1b[m\x1b[K(_u8, _u32, const void*, size_t)\x1b[m\x1b[K\xe2\x80\x99:\n'}
[14.400486] (sllidar_ros2) StderrLine: {'line': b'\x1b[01m\x1b[K/home/raspi/Robots4ChildrenWithDisabilities/ROS2/ros2_ws/src/sllidar_ros2/sdk/src/dataunpacker/unpacker/../dataunpacker.h:54:52:\x1b[m\x1b[K \x1b[01;35m\x1b[Kwarning: \x1b[m\x1b[Kunused parameter \xe2\x80\x98\x1b[01m\x1b[KansType\x1b[m\x1b[K\xe2\x80\x99 [\x1b[01;35m\x1b[K\x1b]8;;https://gcc.gnu.org/onlinedocs/gcc/Warning-Options.html#index-Wunused-parameter\x07-Wunused-parameter\x1b]8;;\x07\x1b[m\x1b[K]\n'}
[14.403102] (sllidar_ros2) StderrLine: {'line': b'   54 |         virtual void onCustomSampleDataDecoded(\x1b[01;35m\x1b[K_u8 ansType\x1b[m\x1b[K, _u32 customCode, const void* data, size_t size) {}\n'}
[14.407054] (sllidar_ros2) StderrLine: {'line': b'      |                                                \x1b[01;35m\x1b[K~~~~^~~~~~~\x1b[m\x1b[K\n'}
[14.408948] (sllidar_ros2) StderrLine: {'line': b'\x1b[01m\x1b[K/home/raspi/Robots4ChildrenWithDisabilities/ROS2/ros2_ws/src/sllidar_ros2/sdk/src/dataunpacker/unpacker/../dataunpacker.h:54:66:\x1b[m\x1b[K \x1b[01;35m\x1b[Kwarning: \x1b[m\x1b[Kunused parameter \xe2\x80\x98\x1b[01m\x1b[KcustomCode\x1b[m\x1b[K\xe2\x80\x99 [\x1b[01;35m\x1b[K\x1b]8;;https://gcc.gnu.org/onlinedocs/gcc/Warning-Options.html#index-Wunused-parameter\x07-Wunused-parameter\x1b]8;;\x07\x1b[m\x1b[K]\n'}
[14.411149] (sllidar_ros2) StderrLine: {'line': b'   54 |         virtual void onCustomSampleDataDecoded(_u8 ansType, \x1b[01;35m\x1b[K_u32 customCode\x1b[m\x1b[K, const void* data, size_t size) {}\n'}
[14.411402] (sllidar_ros2) StderrLine: {'line': b'      |                                                             \x1b[01;35m\x1b[K~~~~~^~~~~~~~~~\x1b[m\x1b[K\n'}
[14.411577] (sllidar_ros2) StderrLine: {'line': b'\x1b[01m\x1b[K/home/raspi/Robots4ChildrenWithDisabilities/ROS2/ros2_ws/src/sllidar_ros2/sdk/src/dataunpacker/unpacker/../dataunpacker.h:54:90:\x1b[m\x1b[K \x1b[01;35m\x1b[Kwarning: \x1b[m\x1b[Kunused parameter \xe2\x80\x98\x1b[01m\x1b[Kdata\x1b[m\x1b[K\xe2\x80\x99 [\x1b[01;35m\x1b[K\x1b]8;;https://gcc.gnu.org/onlinedocs/gcc/Warning-Options.html#index-Wunused-parameter\x07-Wunused-parameter\x1b]8;;\x07\x1b[m\x1b[K]\n'}
[14.415615] (sllidar_ros2) StderrLine: {'line': b'   54 |         virtual void onCustomSampleDataDecoded(_u8 ansType, _u32 customCode, \x1b[01;35m\x1b[Kconst void* data\x1b[m\x1b[K, size_t size) {}\n'}
[14.418783] (sllidar_ros2) StderrLine: {'line': b'      |                                                                              \x1b[01;35m\x1b[K~~~~~~~~~~~~^~~~\x1b[m\x1b[K\n'}
[14.419985] (sllidar_ros2) StderrLine: {'line': b'\x1b[01m\x1b[K/home/raspi/Robots4ChildrenWithDisabilities/ROS2/ros2_ws/src/sllidar_ros2/sdk/src/dataunpacker/unpacker/../dataunpacker.h:54:103:\x1b[m\x1b[K \x1b[01;35m\x1b[Kwarning: \x1b[m\x1b[Kunused parameter \xe2\x80\x98\x1b[01m\x1b[Ksize\x1b[m\x1b[K\xe2\x80\x99 [\x1b[01;35m\x1b[K\x1b]8;;https://gcc.gnu.org/onlinedocs/gcc/Warning-Options.html#index-Wunused-parameter\x07-Wunused-parameter\x1b]8;;\x07\x1b[m\x1b[K]\n'}
[14.422466] (sllidar_ros2) StderrLine: {'line': b'   54 |         virtual void onCustomSampleDataDecoded(_u8 ansType, _u32 customCode, const void* data, \x1b[01;35m\x1b[Ksize_t size\x1b[m\x1b[K) {}\n'}
[14.425115] (sllidar_ros2) StderrLine: {'line': b'      |                                                                                                \x1b[01;35m\x1b[K~~~~~~~^~~~\x1b[m\x1b[K\n'}
[14.426894] (sllidar_ros2) StderrLine: {'line': b'\x1b[01m\x1b[K/home/raspi/Robots4ChildrenWithDisabilities/ROS2/ros2_ws/src/sllidar_ros2/sdk/src/dataunpacker/unpacker/../dataunpacker.h:\x1b[m\x1b[K In member function \xe2\x80\x98\x1b[01m\x1b[Kvirtual void sl::internal::LIDARSampleDataListener::\x1b[01;32m\x1b[KonDecodingError\x1b[m\x1b[K(int, _u8, const void*, size_t)\x1b[m\x1b[K\xe2\x80\x99:\n'}
[14.429136] (sllidar_ros2) StderrLine: {'line': b'\x1b[01m\x1b[K/home/raspi/Robots4ChildrenWithDisabilities/ROS2/ros2_ws/src/sllidar_ros2/sdk/src/dataunpacker/unpacker/../dataunpacker.h:56:42:\x1b[m\x1b[K \x1b[01;35m\x1b[Kwarning: \x1b[m\x1b[Kunused parameter \xe2\x80\x98\x1b[01m\x1b[KerrMsg\x1b[m\x1b[K\xe2\x80\x99 [\x1b[01;35m\x1b[K\x1b]8;;https://gcc.gnu.org/onlinedocs/gcc/Warning-Options.html#index-Wunused-parameter\x07-Wunused-parameter\x1b]8;;\x07\x1b[m\x1b[K]\n'}
[14.430151] (sllidar_ros2) StderrLine: {'line': b'   56 |         virtual void onDecodingError(\x1b[01;35m\x1b[Kint errMsg\x1b[m\x1b[K, _u8 ansType, const void* payload, size_t size) {}\n'}
[14.430345] (sllidar_ros2) StderrLine: {'line': b'      |                                      \x1b[01;35m\x1b[K~~~~^~~~~~\x1b[m\x1b[K\n'}
[14.430469] (sllidar_ros2) StderrLine: {'line': b'\x1b[01m\x1b[K/home/raspi/Robots4ChildrenWithDisabilities/ROS2/ros2_ws/src/sllidar_ros2/sdk/src/dataunpacker/unpacker/../dataunpacker.h:56:54:\x1b[m\x1b[K \x1b[01;35m\x1b[Kwarning: \x1b[m\x1b[Kunused parameter \xe2\x80\x98\x1b[01m\x1b[KansType\x1b[m\x1b[K\xe2\x80\x99 [\x1b[01;35m\x1b[K\x1b]8;;https://gcc.gnu.org/onlinedocs/gcc/Warning-Options.html#index-Wunused-parameter\x07-Wunused-parameter\x1b]8;;\x07\x1b[m\x1b[K]\n'}
[14.430647] (sllidar_ros2) StderrLine: {'line': b'   56 |         virtual void onDecodingError(int errMsg, \x1b[01;35m\x1b[K_u8 ansType\x1b[m\x1b[K, const void* payload, size_t size) {}\n'}
[14.436012] (sllidar_ros2) StderrLine: {'line': b'      |                                                  \x1b[01;35m\x1b[K~~~~^~~~~~~\x1b[m\x1b[K\n'}
[14.436329] (sllidar_ros2) StderrLine: {'line': b'\x1b[01m\x1b[K/home/raspi/Robots4ChildrenWithDisabilities/ROS2/ros2_ws/src/sllidar_ros2/sdk/src/dataunpacker/unpacker/../dataunpacker.h:56:75:\x1b[m\x1b[K \x1b[01;35m\x1b[Kwarning: \x1b[m\x1b[Kunused parameter \xe2\x80\x98\x1b[01m\x1b[Kpayload\x1b[m\x1b[K\xe2\x80\x99 [\x1b[01;35m\x1b[K\x1b]8;;https://gcc.gnu.org/onlinedocs/gcc/Warning-Options.html#index-Wunused-parameter\x07-Wunused-parameter\x1b]8;;\x07\x1b[m\x1b[K]\n'}
[14.436535] (sllidar_ros2) StderrLine: {'line': b'   56 |         virtual void onDecodingError(int errMsg, _u8 ansType, \x1b[01;35m\x1b[Kconst void* payload\x1b[m\x1b[K, size_t size) {}\n'}
[14.436663] (sllidar_ros2) StderrLine: {'line': b'      |                                                               \x1b[01;35m\x1b[K~~~~~~~~~~~~^~~~~~~\x1b[m\x1b[K\n'}
[14.436822] (sllidar_ros2) StderrLine: {'line': b'\x1b[01m\x1b[K/home/raspi/Robots4ChildrenWithDisabilities/ROS2/ros2_ws/src/sllidar_ros2/sdk/src/dataunpacker/unpacker/../dataunpacker.h:56:91:\x1b[m\x1b[K \x1b[01;35m\x1b[Kwarning: \x1b[m\x1b[Kunused parameter \xe2\x80\x98\x1b[01m\x1b[Ksize\x1b[m\x1b[K\xe2\x80\x99 [\x1b[01;35m\x1b[K\x1b]8;;https://gcc.gnu.org/onlinedocs/gcc/Warning-Options.html#index-Wunused-parameter\x07-Wunused-parameter\x1b]8;;\x07\x1b[m\x1b[K]\n'}
[14.436968] (sllidar_ros2) StderrLine: {'line': b'   56 |         virtual void onDecodingError(int errMsg, _u8 ansType, const void* payload, \x1b[01;35m\x1b[Ksize_t size\x1b[m\x1b[K) {}\n'}
[14.437082] (sllidar_ros2) StderrLine: {'line': b'      |                                                                                    \x1b[01;35m\x1b[K~~~~~~~^~~~\x1b[m\x1b[K\n'}
[14.466584] (-) TimerEvent: {}
[14.571232] (-) TimerEvent: {}
[14.671826] (-) TimerEvent: {}
[14.772828] (-) TimerEvent: {}
[14.873356] (-) TimerEvent: {}
[14.936087] (sllidar_ros2) StderrLine: {'line': b'In file included from \x1b[01m\x1b[K/home/raspi/Robots4ChildrenWithDisabilities/ROS2/ros2_ws/src/sllidar_ros2/./sdk/include/rplidar_protocol.h:36\x1b[m\x1b[K,\n'}
[14.936664] (sllidar_ros2) StderrLine: {'line': b'                 from \x1b[01m\x1b[K/home/raspi/Robots4ChildrenWithDisabilities/ROS2/ros2_ws/src/sllidar_ros2/./sdk/include/rplidar.h:39\x1b[m\x1b[K,\n'}
[14.937863] (sllidar_ros2) StderrLine: {'line': b'                 from \x1b[01m\x1b[K/home/raspi/Robots4ChildrenWithDisabilities/ROS2/ros2_ws/src/sllidar_ros2/./sdk/src/sdkcommon.h:49\x1b[m\x1b[K,\n'}
[14.939319] (sllidar_ros2) StderrLine: {'line': b'                 from \x1b[01m\x1b[K/home/raspi/Robots4ChildrenWithDisabilities/ROS2/ros2_ws/src/sllidar_ros2/sdk/src/dataunpacker/unpacker/../dataunnpacker_commondef.h:41\x1b[m\x1b[K,\n'}
[14.939773] (sllidar_ros2) StderrLine: {'line': b'                 from \x1b[01m\x1b[K/home/raspi/Robots4ChildrenWithDisabilities/ROS2/ros2_ws/src/sllidar_ros2/sdk/src/dataunpacker/unpacker/handler_normalnode.cpp:39\x1b[m\x1b[K:\n'}
[14.939996] (sllidar_ros2) StderrLine: {'line': b'\x1b[01m\x1b[K/home/raspi/Robots4ChildrenWithDisabilities/ROS2/ros2_ws/src/sllidar_ros2/./sdk/include/sl_lidar_protocol.h:66:16:\x1b[m\x1b[K \x1b[01;35m\x1b[Kwarning: \x1b[m\x1b[KISO C++ forbids zero-size array \xe2\x80\x98\x1b[01m\x1b[Kdata\x1b[m\x1b[K\xe2\x80\x99 [\x1b[01;35m\x1b[K\x1b]8;;https://gcc.gnu.org/onlinedocs/gcc/Warning-Options.html#index-Wpedantic\x07-Wpedantic\x1b]8;;\x07\x1b[m\x1b[K]\n'}
[14.940152] (sllidar_ros2) StderrLine: {'line': b'   66 |     sl_u8 data[\x1b[01;35m\x1b[K0\x1b[m\x1b[K];\n'}
[14.940275] (sllidar_ros2) StderrLine: {'line': b'      |                \x1b[01;35m\x1b[K^\x1b[m\x1b[K\n'}
[14.943318] (sllidar_ros2) StderrLine: {'line': b'In file included from \x1b[01m\x1b[K/home/raspi/Robots4ChildrenWithDisabilities/ROS2/ros2_ws/src/sllidar_ros2/./sdk/include/rplidar_cmd.h:36\x1b[m\x1b[K,\n'}
[14.943511] (sllidar_ros2) StderrLine: {'line': b'                 from \x1b[01m\x1b[K/home/raspi/Robots4ChildrenWithDisabilities/ROS2/ros2_ws/src/sllidar_ros2/./sdk/include/rplidar.h:40\x1b[m\x1b[K:\n'}
[14.943635] (sllidar_ros2) StderrLine: {'line': b'\x1b[01m\x1b[K/home/raspi/Robots4ChildrenWithDisabilities/ROS2/ros2_ws/src/sllidar_ros2/./sdk/include/sl_lidar_cmd.h:324:20:\x1b[m\x1b[K \x1b[01;35m\x1b[Kwarning: \x1b[m\x1b[KISO C++ forbids zero-size array \xe2\x80\x98\x1b[01m\x1b[Kpayload\x1b[m\x1b[K\xe2\x80\x99 [\x1b[01;35m\x1b[K\x1b]8;;https://gcc.gnu.org/onlinedocs/gcc/Warning-Options.html#index-Wpedantic\x07-Wpedantic\x1b]8;;\x07\x1b[m\x1b[K]\n'}
[14.947844] (sllidar_ros2) StderrLine: {'line': b'  324 |     sl_u8  payload[\x1b[01;35m\x1b[K0\x1b[m\x1b[K];\n'}
[14.948310] (sllidar_ros2) StderrLine: {'line': b'      |                    \x1b[01;35m\x1b[K^\x1b[m\x1b[K\n'}
[14.973683] (-) TimerEvent: {}
[15.076990] (-) TimerEvent: {}
[15.177616] (-) TimerEvent: {}
[15.229088] (sllidar_ros2) StdoutLine: {'line': b'[ 50%] \x1b[32mBuilding CXX object CMakeFiles/sllidar_node.dir/sdk/src/hal/thread.cpp.o\x1b[0m\n'}
[15.277829] (-) TimerEvent: {}
[15.378490] (-) TimerEvent: {}
[15.479962] (-) TimerEvent: {}
[15.542852] (sllidar_ros2) StderrLine: {'line': b'In file included from \x1b[01m\x1b[K/home/raspi/Robots4ChildrenWithDisabilities/ROS2/ros2_ws/src/sllidar_ros2/sdk/src/dataunpacker/unpacker/handler_normalnode.cpp:40\x1b[m\x1b[K:\n'}
[15.544031] (sllidar_ros2) StderrLine: {'line': b'\x1b[01m\x1b[K/home/raspi/Robots4ChildrenWithDisabilities/ROS2/ros2_ws/src/sllidar_ros2/sdk/src/dataunpacker/unpacker/../dataunpacker.h:\x1b[m\x1b[K In member function \xe2\x80\x98\x1b[01m\x1b[Kvirtual void sl::internal::LIDARSampleDataListener::\x1b[01;32m\x1b[KonCustomSampleDataDecoded\x1b[m\x1b[K(_u8, _u32, const void*, size_t)\x1b[m\x1b[K\xe2\x80\x99:\n'}
[15.544968] (sllidar_ros2) StderrLine: {'line': b'\x1b[01m\x1b[K/home/raspi/Robots4ChildrenWithDisabilities/ROS2/ros2_ws/src/sllidar_ros2/sdk/src/dataunpacker/unpacker/../dataunpacker.h:54:52:\x1b[m\x1b[K \x1b[01;35m\x1b[Kwarning: \x1b[m\x1b[Kunused parameter \xe2\x80\x98\x1b[01m\x1b[KansType\x1b[m\x1b[K\xe2\x80\x99 [\x1b[01;35m\x1b[K\x1b]8;;https://gcc.gnu.org/onlinedocs/gcc/Warning-Options.html#index-Wunused-parameter\x07-Wunused-parameter\x1b]8;;\x07\x1b[m\x1b[K]\n'}
[15.546022] (sllidar_ros2) StderrLine: {'line': b'   54 |         virtual void onCustomSampleDataDecoded(\x1b[01;35m\x1b[K_u8 ansType\x1b[m\x1b[K, _u32 customCode, const void* data, size_t size) {}\n'}
[15.549032] (sllidar_ros2) StderrLine: {'line': b'      |                                                \x1b[01;35m\x1b[K~~~~^~~~~~~\x1b[m\x1b[K\n'}
[15.549390] (sllidar_ros2) StderrLine: {'line': b'\x1b[01m\x1b[K/home/raspi/Robots4ChildrenWithDisabilities/ROS2/ros2_ws/src/sllidar_ros2/sdk/src/dataunpacker/unpacker/../dataunpacker.h:54:66:\x1b[m\x1b[K \x1b[01;35m\x1b[Kwarning: \x1b[m\x1b[Kunused parameter \xe2\x80\x98\x1b[01m\x1b[KcustomCode\x1b[m\x1b[K\xe2\x80\x99 [\x1b[01;35m\x1b[K\x1b]8;;https://gcc.gnu.org/onlinedocs/gcc/Warning-Options.html#index-Wunused-parameter\x07-Wunused-parameter\x1b]8;;\x07\x1b[m\x1b[K]\n'}
[15.549609] (sllidar_ros2) StderrLine: {'line': b'   54 |         virtual void onCustomSampleDataDecoded(_u8 ansType, \x1b[01;35m\x1b[K_u32 customCode\x1b[m\x1b[K, const void* data, size_t size) {}\n'}
[15.549830] (sllidar_ros2) StderrLine: {'line': b'      |                                                             \x1b[01;35m\x1b[K~~~~~^~~~~~~~~~\x1b[m\x1b[K\n'}
[15.549968] (sllidar_ros2) StderrLine: {'line': b'\x1b[01m\x1b[K/home/raspi/Robots4ChildrenWithDisabilities/ROS2/ros2_ws/src/sllidar_ros2/sdk/src/dataunpacker/unpacker/../dataunpacker.h:54:90:\x1b[m\x1b[K \x1b[01;35m\x1b[Kwarning: \x1b[m\x1b[Kunused parameter \xe2\x80\x98\x1b[01m\x1b[Kdata\x1b[m\x1b[K\xe2\x80\x99 [\x1b[01;35m\x1b[K\x1b]8;;https://gcc.gnu.org/onlinedocs/gcc/Warning-Options.html#index-Wunused-parameter\x07-Wunused-parameter\x1b]8;;\x07\x1b[m\x1b[K]\n'}
[15.550129] (sllidar_ros2) StderrLine: {'line': b'   54 |         virtual void onCustomSampleDataDecoded(_u8 ansType, _u32 customCode, \x1b[01;35m\x1b[Kconst void* data\x1b[m\x1b[K, size_t size) {}\n'}
[15.550243] (sllidar_ros2) StderrLine: {'line': b'      |                                                                              \x1b[01;35m\x1b[K~~~~~~~~~~~~^~~~\x1b[m\x1b[K\n'}
[15.550351] (sllidar_ros2) StderrLine: {'line': b'\x1b[01m\x1b[K/home/raspi/Robots4ChildrenWithDisabilities/ROS2/ros2_ws/src/sllidar_ros2/sdk/src/dataunpacker/unpacker/../dataunpacker.h:54:103:\x1b[m\x1b[K \x1b[01;35m\x1b[Kwarning: \x1b[m\x1b[Kunused parameter \xe2\x80\x98\x1b[01m\x1b[Ksize\x1b[m\x1b[K\xe2\x80\x99 [\x1b[01;35m\x1b[K\x1b]8;;https://gcc.gnu.org/onlinedocs/gcc/Warning-Options.html#index-Wunused-parameter\x07-Wunused-parameter\x1b]8;;\x07\x1b[m\x1b[K]\n'}
[15.550489] (sllidar_ros2) StderrLine: {'line': b'   54 |         virtual void onCustomSampleDataDecoded(_u8 ansType, _u32 customCode, const void* data, \x1b[01;35m\x1b[Ksize_t size\x1b[m\x1b[K) {}\n'}
[15.550618] (sllidar_ros2) StderrLine: {'line': b'      |                                                                                                \x1b[01;35m\x1b[K~~~~~~~^~~~\x1b[m\x1b[K\n'}
[15.554118] (sllidar_ros2) StderrLine: {'line': b'\x1b[01m\x1b[K/home/raspi/Robots4ChildrenWithDisabilities/ROS2/ros2_ws/src/sllidar_ros2/sdk/src/dataunpacker/unpacker/../dataunpacker.h:\x1b[m\x1b[K In member function \xe2\x80\x98\x1b[01m\x1b[Kvirtual void sl::internal::LIDARSampleDataListener::\x1b[01;32m\x1b[KonDecodingError\x1b[m\x1b[K(int, _u8, const void*, size_t)\x1b[m\x1b[K\xe2\x80\x99:\n'}
[15.554294] (sllidar_ros2) StderrLine: {'line': b'\x1b[01m\x1b[K/home/raspi/Robots4ChildrenWithDisabilities/ROS2/ros2_ws/src/sllidar_ros2/sdk/src/dataunpacker/unpacker/../dataunpacker.h:56:42:\x1b[m\x1b[K \x1b[01;35m\x1b[Kwarning: \x1b[m\x1b[Kunused parameter \xe2\x80\x98\x1b[01m\x1b[KerrMsg\x1b[m\x1b[K\xe2\x80\x99 [\x1b[01;35m\x1b[K\x1b]8;;https://gcc.gnu.org/onlinedocs/gcc/Warning-Options.html#index-Wunused-parameter\x07-Wunused-parameter\x1b]8;;\x07\x1b[m\x1b[K]\n'}
[15.554414] (sllidar_ros2) StderrLine: {'line': b'   56 |         virtual void onDecodingError(\x1b[01;35m\x1b[Kint errMsg\x1b[m\x1b[K, _u8 ansType, const void* payload, size_t size) {}\n'}
[15.554526] (sllidar_ros2) StderrLine: {'line': b'      |                                      \x1b[01;35m\x1b[K~~~~^~~~~~\x1b[m\x1b[K\n'}
[15.554626] (sllidar_ros2) StderrLine: {'line': b'\x1b[01m\x1b[K/home/raspi/Robots4ChildrenWithDisabilities/ROS2/ros2_ws/src/sllidar_ros2/sdk/src/dataunpacker/unpacker/../dataunpacker.h:56:54:\x1b[m\x1b[K \x1b[01;35m\x1b[Kwarning: \x1b[m\x1b[Kunused parameter \xe2\x80\x98\x1b[01m\x1b[KansType\x1b[m\x1b[K\xe2\x80\x99 [\x1b[01;35m\x1b[K\x1b]8;;https://gcc.gnu.org/onlinedocs/gcc/Warning-Options.html#index-Wunused-parameter\x07-Wunused-parameter\x1b]8;;\x07\x1b[m\x1b[K]\n'}
[15.554807] (sllidar_ros2) StderrLine: {'line': b'   56 |         virtual void onDecodingError(int errMsg, \x1b[01;35m\x1b[K_u8 ansType\x1b[m\x1b[K, const void* payload, size_t size) {}\n'}
[15.554936] (sllidar_ros2) StderrLine: {'line': b'      |                                                  \x1b[01;35m\x1b[K~~~~^~~~~~~\x1b[m\x1b[K\n'}
[15.555047] (sllidar_ros2) StderrLine: {'line': b'\x1b[01m\x1b[K/home/raspi/Robots4ChildrenWithDisabilities/ROS2/ros2_ws/src/sllidar_ros2/sdk/src/dataunpacker/unpacker/../dataunpacker.h:56:75:\x1b[m\x1b[K \x1b[01;35m\x1b[Kwarning: \x1b[m\x1b[Kunused parameter \xe2\x80\x98\x1b[01m\x1b[Kpayload\x1b[m\x1b[K\xe2\x80\x99 [\x1b[01;35m\x1b[K\x1b]8;;https://gcc.gnu.org/onlinedocs/gcc/Warning-Options.html#index-Wunused-parameter\x07-Wunused-parameter\x1b]8;;\x07\x1b[m\x1b[K]\n'}
[15.555164] (sllidar_ros2) StderrLine: {'line': b'   56 |         virtual void onDecodingError(int errMsg, _u8 ansType, \x1b[01;35m\x1b[Kconst void* payload\x1b[m\x1b[K, size_t size) {}\n'}
[15.555286] (sllidar_ros2) StderrLine: {'line': b'      |                                                               \x1b[01;35m\x1b[K~~~~~~~~~~~~^~~~~~~\x1b[m\x1b[K\n'}
[15.555392] (sllidar_ros2) StderrLine: {'line': b'\x1b[01m\x1b[K/home/raspi/Robots4ChildrenWithDisabilities/ROS2/ros2_ws/src/sllidar_ros2/sdk/src/dataunpacker/unpacker/../dataunpacker.h:56:91:\x1b[m\x1b[K \x1b[01;35m\x1b[Kwarning: \x1b[m\x1b[Kunused parameter \xe2\x80\x98\x1b[01m\x1b[Ksize\x1b[m\x1b[K\xe2\x80\x99 [\x1b[01;35m\x1b[K\x1b]8;;https://gcc.gnu.org/onlinedocs/gcc/Warning-Options.html#index-Wunused-parameter\x07-Wunused-parameter\x1b]8;;\x07\x1b[m\x1b[K]\n'}
[15.555512] (sllidar_ros2) StderrLine: {'line': b'   56 |         virtual void onDecodingError(int errMsg, _u8 ansType, const void* payload, \x1b[01;35m\x1b[Ksize_t size\x1b[m\x1b[K) {}\n'}
[15.555658] (sllidar_ros2) StderrLine: {'line': b'      |                                                                                    \x1b[01;35m\x1b[K~~~~~~~^~~~\x1b[m\x1b[K\n'}
[15.580747] (-) TimerEvent: {}
[15.681746] (-) TimerEvent: {}
[15.784007] (-) TimerEvent: {}
[15.885341] (-) TimerEvent: {}
[15.986759] (-) TimerEvent: {}
[16.087994] (-) TimerEvent: {}
[16.143886] (sllidar_ros2) StdoutLine: {'line': b'[ 55%] \x1b[32mBuilding CXX object CMakeFiles/sllidar_node.dir/sdk/src/rplidar_driver.cpp.o\x1b[0m\n'}
[16.188589] (-) TimerEvent: {}
[16.291030] (-) TimerEvent: {}
[16.392197] (-) TimerEvent: {}
[16.493913] (-) TimerEvent: {}
[16.595206] (-) TimerEvent: {}
[16.666428] (sllidar_ros2) StderrLine: {'line': b'In file included from \x1b[01m\x1b[K/home/raspi/Robots4ChildrenWithDisabilities/ROS2/ros2_ws/src/sllidar_ros2/./sdk/include/rplidar_protocol.h:36\x1b[m\x1b[K,\n'}
[16.670928] (sllidar_ros2) StderrLine: {'line': b'                 from \x1b[01m\x1b[K/home/raspi/Robots4ChildrenWithDisabilities/ROS2/ros2_ws/src/sllidar_ros2/./sdk/include/rplidar.h:39\x1b[m\x1b[K,\n'}
[16.671894] (sllidar_ros2) StderrLine: {'line': b'                 from \x1b[01m\x1b[K/home/raspi/Robots4ChildrenWithDisabilities/ROS2/ros2_ws/src/sllidar_ros2/./sdk/src/sdkcommon.h:49\x1b[m\x1b[K,\n'}
[16.672090] (sllidar_ros2) StderrLine: {'line': b'                 from \x1b[01m\x1b[K/home/raspi/Robots4ChildrenWithDisabilities/ROS2/ros2_ws/src/sllidar_ros2/sdk/src/hal/thread.cpp:35\x1b[m\x1b[K:\n'}
[16.672273] (sllidar_ros2) StderrLine: {'line': b'\x1b[01m\x1b[K/home/raspi/Robots4ChildrenWithDisabilities/ROS2/ros2_ws/src/sllidar_ros2/./sdk/include/sl_lidar_protocol.h:66:16:\x1b[m\x1b[K \x1b[01;35m\x1b[Kwarning: \x1b[m\x1b[KISO C++ forbids zero-size array \xe2\x80\x98\x1b[01m\x1b[Kdata\x1b[m\x1b[K\xe2\x80\x99 [\x1b[01;35m\x1b[K\x1b]8;;https://gcc.gnu.org/onlinedocs/gcc/Warning-Options.html#index-Wpedantic\x07-Wpedantic\x1b]8;;\x07\x1b[m\x1b[K]\n'}
[16.672409] (sllidar_ros2) StderrLine: {'line': b'   66 |     sl_u8 data[\x1b[01;35m\x1b[K0\x1b[m\x1b[K];\n'}
[16.675268] (sllidar_ros2) StderrLine: {'line': b'      |                \x1b[01;35m\x1b[K^\x1b[m\x1b[K\n'}
[16.677649] (sllidar_ros2) StderrLine: {'line': b'In file included from \x1b[01m\x1b[K/home/raspi/Robots4ChildrenWithDisabilities/ROS2/ros2_ws/src/sllidar_ros2/./sdk/include/rplidar_cmd.h:36\x1b[m\x1b[K,\n'}
[16.677941] (sllidar_ros2) StderrLine: {'line': b'                 from \x1b[01m\x1b[K/home/raspi/Robots4ChildrenWithDisabilities/ROS2/ros2_ws/src/sllidar_ros2/./sdk/include/rplidar.h:40\x1b[m\x1b[K:\n'}
[16.678085] (sllidar_ros2) StderrLine: {'line': b'\x1b[01m\x1b[K/home/raspi/Robots4ChildrenWithDisabilities/ROS2/ros2_ws/src/sllidar_ros2/./sdk/include/sl_lidar_cmd.h:324:20:\x1b[m\x1b[K \x1b[01;35m\x1b[Kwarning: \x1b[m\x1b[KISO C++ forbids zero-size array \xe2\x80\x98\x1b[01m\x1b[Kpayload\x1b[m\x1b[K\xe2\x80\x99 [\x1b[01;35m\x1b[K\x1b]8;;https://gcc.gnu.org/onlinedocs/gcc/Warning-Options.html#index-Wpedantic\x07-Wpedantic\x1b]8;;\x07\x1b[m\x1b[K]\n'}
[16.678214] (sllidar_ros2) StderrLine: {'line': b'  324 |     sl_u8  payload[\x1b[01;35m\x1b[K0\x1b[m\x1b[K];\n'}
[16.678328] (sllidar_ros2) StderrLine: {'line': b'      |                    \x1b[01;35m\x1b[K^\x1b[m\x1b[K\n'}
[16.697876] (-) TimerEvent: {}
[16.746536] (sllidar_ros2) StderrLine: {'line': b'In file included from \x1b[01m\x1b[K/home/raspi/Robots4ChildrenWithDisabilities/ROS2/ros2_ws/src/sllidar_ros2/sdk/src/hal/thread.cpp:43\x1b[m\x1b[K:\n'}
[16.748478] (sllidar_ros2) StderrLine: {'line': b'\x1b[01m\x1b[K/home/raspi/Robots4ChildrenWithDisabilities/ROS2/ros2_ws/src/sllidar_ros2/./sdk/src/arch/linux/thread.hpp:\x1b[m\x1b[K In static member function \xe2\x80\x98\x1b[01m\x1b[Kstatic rp::hal::Thread rp::hal::Thread::\x1b[01;32m\x1b[Kcreate\x1b[m\x1b[K(thread_proc_t, void*)\x1b[m\x1b[K\xe2\x80\x99:\n'}
[16.748861] (sllidar_ros2) StderrLine: {'line': b'\x1b[01m\x1b[K/home/raspi/Robots4ChildrenWithDisabilities/ROS2/ros2_ws/src/sllidar_ros2/./sdk/src/arch/linux/thread.hpp:52:57:\x1b[m\x1b[K \x1b[01;35m\x1b[Kwarning: \x1b[m\x1b[Kcast between incompatible function types from \xe2\x80\x98\x1b[01m\x1b[Kthread_proc_t\x1b[m\x1b[K\xe2\x80\x99 {aka \xe2\x80\x98\x1b[01m\x1b[Klong unsigned int (*)(void*)\x1b[m\x1b[K\xe2\x80\x99} to \xe2\x80\x98\x1b[01m\x1b[Kvoid* (*)(void*)\x1b[m\x1b[K\xe2\x80\x99 [\x1b[01;35m\x1b[K\x1b]8;;https://gcc.gnu.org/onlinedocs/gcc/Warning-Options.html#index-Wcast-function-type\x07-Wcast-function-type\x1b]8;;\x07\x1b[m\x1b[K]\n'}
[16.749058] (sllidar_ros2) StderrLine: {'line': b'   52 |     pthread_create((pthread_t *)&newborn._handle, NULL, \x1b[01;35m\x1b[K(void * (*)(void *))proc\x1b[m\x1b[K, data);\n'}
[16.749181] (sllidar_ros2) StderrLine: {'line': b'      |                                                         \x1b[01;35m\x1b[K^~~~~~~~~~~~~~~~~~~~~~~~\x1b[m\x1b[K\n'}
[16.752850] (sllidar_ros2) StderrLine: {'line': b'\x1b[01m\x1b[K/home/raspi/Robots4ChildrenWithDisabilities/ROS2/ros2_ws/src/sllidar_ros2/./sdk/src/arch/linux/thread.hpp:\x1b[m\x1b[K In member function \xe2\x80\x98\x1b[01m\x1b[Ku_result rp::hal::Thread::\x1b[01;32m\x1b[Kjoin\x1b[m\x1b[K(long unsigned int)\x1b[m\x1b[K\xe2\x80\x99:\n'}
[16.753215] (sllidar_ros2) StderrLine: {'line': b'\x1b[01m\x1b[K/home/raspi/Robots4ChildrenWithDisabilities/ROS2/ros2_ws/src/sllidar_ros2/./sdk/src/arch/linux/thread.hpp:176:37:\x1b[m\x1b[K \x1b[01;35m\x1b[Kwarning: \x1b[m\x1b[Kunused parameter \xe2\x80\x98\x1b[01m\x1b[Ktimeout\x1b[m\x1b[K\xe2\x80\x99 [\x1b[01;35m\x1b[K\x1b]8;;https://gcc.gnu.org/onlinedocs/gcc/Warning-Options.html#index-Wunused-parameter\x07-Wunused-parameter\x1b]8;;\x07\x1b[m\x1b[K]\n'}
[16.753379] (sllidar_ros2) StderrLine: {'line': b'  176 | u_result Thread::join(\x1b[01;35m\x1b[Kunsigned long timeout\x1b[m\x1b[K)\n'}
[16.753505] (sllidar_ros2) StderrLine: {'line': b'      |                       \x1b[01;35m\x1b[K~~~~~~~~~~~~~~^~~~~~~\x1b[m\x1b[K\n'}
[16.798837] (-) TimerEvent: {}
[16.899816] (-) TimerEvent: {}
[16.986740] (sllidar_ros2) StdoutLine: {'line': b'[ 60%] \x1b[32mBuilding CXX object CMakeFiles/sllidar_node.dir/sdk/src/sl_async_transceiver.cpp.o\x1b[0m\n'}
[17.000471] (-) TimerEvent: {}
[17.104906] (-) TimerEvent: {}
[17.205424] (-) TimerEvent: {}
[17.306130] (-) TimerEvent: {}
[17.407632] (-) TimerEvent: {}
[17.510740] (-) TimerEvent: {}
[17.613212] (-) TimerEvent: {}
[17.717938] (-) TimerEvent: {}
[17.818424] (-) TimerEvent: {}
[17.861895] (sllidar_ros2) StderrLine: {'line': b'In file included from \x1b[01m\x1b[K/home/raspi/Robots4ChildrenWithDisabilities/ROS2/ros2_ws/src/sllidar_ros2/./sdk/include/rplidar_protocol.h:36\x1b[m\x1b[K,\n'}
[17.862242] (sllidar_ros2) StderrLine: {'line': b'                 from \x1b[01m\x1b[K/home/raspi/Robots4ChildrenWithDisabilities/ROS2/ros2_ws/src/sllidar_ros2/./sdk/include/rplidar.h:39\x1b[m\x1b[K,\n'}
[17.862685] (sllidar_ros2) StderrLine: {'line': b'                 from \x1b[01m\x1b[K/home/raspi/Robots4ChildrenWithDisabilities/ROS2/ros2_ws/src/sllidar_ros2/sdk/src/sdkcommon.h:49\x1b[m\x1b[K,\n'}
[17.864207] (sllidar_ros2) StderrLine: {'line': b'                 from \x1b[01m\x1b[K/home/raspi/Robots4ChildrenWithDisabilities/ROS2/ros2_ws/src/sllidar_ros2/sdk/src/rplidar_driver.cpp:33\x1b[m\x1b[K:\n'}
[17.864628] (sllidar_ros2) StderrLine: {'line': b'\x1b[01m\x1b[K/home/raspi/Robots4ChildrenWithDisabilities/ROS2/ros2_ws/src/sllidar_ros2/./sdk/include/sl_lidar_protocol.h:66:16:\x1b[m\x1b[K \x1b[01;35m\x1b[Kwarning: \x1b[m\x1b[KISO C++ forbids zero-size array \xe2\x80\x98\x1b[01m\x1b[Kdata\x1b[m\x1b[K\xe2\x80\x99 [\x1b[01;35m\x1b[K\x1b]8;;https://gcc.gnu.org/onlinedocs/gcc/Warning-Options.html#index-Wpedantic\x07-Wpedantic\x1b]8;;\x07\x1b[m\x1b[K]\n'}
[17.865916] (sllidar_ros2) StderrLine: {'line': b'   66 |     sl_u8 data[\x1b[01;35m\x1b[K0\x1b[m\x1b[K];\n'}
[17.867754] (sllidar_ros2) StderrLine: {'line': b'      |                \x1b[01;35m\x1b[K^\x1b[m\x1b[K\n'}
[17.869055] (sllidar_ros2) StderrLine: {'line': b'In file included from \x1b[01m\x1b[K/home/raspi/Robots4ChildrenWithDisabilities/ROS2/ros2_ws/src/sllidar_ros2/./sdk/include/rplidar_cmd.h:36\x1b[m\x1b[K,\n'}
[17.869266] (sllidar_ros2) StderrLine: {'line': b'                 from \x1b[01m\x1b[K/home/raspi/Robots4ChildrenWithDisabilities/ROS2/ros2_ws/src/sllidar_ros2/./sdk/include/rplidar.h:40\x1b[m\x1b[K:\n'}
[17.869404] (sllidar_ros2) StderrLine: {'line': b'\x1b[01m\x1b[K/home/raspi/Robots4ChildrenWithDisabilities/ROS2/ros2_ws/src/sllidar_ros2/./sdk/include/sl_lidar_cmd.h:324:20:\x1b[m\x1b[K \x1b[01;35m\x1b[Kwarning: \x1b[m\x1b[KISO C++ forbids zero-size array \xe2\x80\x98\x1b[01m\x1b[Kpayload\x1b[m\x1b[K\xe2\x80\x99 [\x1b[01;35m\x1b[K\x1b]8;;https://gcc.gnu.org/onlinedocs/gcc/Warning-Options.html#index-Wpedantic\x07-Wpedantic\x1b]8;;\x07\x1b[m\x1b[K]\n'}
[17.869563] (sllidar_ros2) StderrLine: {'line': b'  324 |     sl_u8  payload[\x1b[01;35m\x1b[K0\x1b[m\x1b[K];\n'}
[17.869700] (sllidar_ros2) StderrLine: {'line': b'      |                    \x1b[01;35m\x1b[K^\x1b[m\x1b[K\n'}
[17.920065] (-) TimerEvent: {}
[18.020010] (sllidar_ros2) StderrLine: {'line': b'\x1b[01m\x1b[K/home/raspi/Robots4ChildrenWithDisabilities/ROS2/ros2_ws/src/sllidar_ros2/sdk/src/rplidar_driver.cpp:\x1b[m\x1b[K In member function \xe2\x80\x98\x1b[01m\x1b[Ku_result rp::standalone::rplidar::RPlidarDriver::\x1b[01;32m\x1b[Kconnect\x1b[m\x1b[K(const char*, _u32, _u32)\x1b[m\x1b[K\xe2\x80\x99:\n'}
[18.024008] (-) TimerEvent: {}
[18.024292] (sllidar_ros2) StderrLine: {'line': b'\x1b[01m\x1b[K/home/raspi/Robots4ChildrenWithDisabilities/ROS2/ros2_ws/src/sllidar_ros2/sdk/src/rplidar_driver.cpp:67:77:\x1b[m\x1b[K \x1b[01;35m\x1b[Kwarning: \x1b[m\x1b[Kunused parameter \xe2\x80\x98\x1b[01m\x1b[Kflag\x1b[m\x1b[K\xe2\x80\x99 [\x1b[01;35m\x1b[K\x1b]8;;https://gcc.gnu.org/onlinedocs/gcc/Warning-Options.html#index-Wunused-parameter\x07-Wunused-parameter\x1b]8;;\x07\x1b[m\x1b[K]\n'}
[18.024708] (sllidar_ros2) StderrLine: {'line': b'   67 |     u_result RPlidarDriver::connect(const char *path, _u32 portOrBaud, \x1b[01;35m\x1b[K_u32 flag\x1b[m\x1b[K)\n'}
[18.025048] (sllidar_ros2) StderrLine: {'line': b'      |                                                                        \x1b[01;35m\x1b[K~~~~~^~~~\x1b[m\x1b[K\n'}
[18.026199] (sllidar_ros2) StderrLine: {'line': b'\x1b[01m\x1b[K/home/raspi/Robots4ChildrenWithDisabilities/ROS2/ros2_ws/src/sllidar_ros2/sdk/src/rplidar_driver.cpp:\x1b[m\x1b[K In member function \xe2\x80\x98\x1b[01m\x1b[Ku_result rp::standalone::rplidar::RPlidarDriver::\x1b[01;32m\x1b[Kreset\x1b[m\x1b[K(_u32)\x1b[m\x1b[K\xe2\x80\x99:\n'}
[18.027777] (sllidar_ros2) StderrLine: {'line': b'\x1b[01m\x1b[K/home/raspi/Robots4ChildrenWithDisabilities/ROS2/ros2_ws/src/sllidar_ros2/sdk/src/rplidar_driver.cpp:101:40:\x1b[m\x1b[K \x1b[01;35m\x1b[Kwarning: \x1b[m\x1b[Kunused parameter \xe2\x80\x98\x1b[01m\x1b[Ktimeout\x1b[m\x1b[K\xe2\x80\x99 [\x1b[01;35m\x1b[K\x1b]8;;https://gcc.gnu.org/onlinedocs/gcc/Warning-Options.html#index-Wunused-parameter\x07-Wunused-parameter\x1b]8;;\x07\x1b[m\x1b[K]\n'}
[18.028927] (sllidar_ros2) StderrLine: {'line': b'  101 |     u_result RPlidarDriver::reset(\x1b[01;35m\x1b[K_u32 timeout\x1b[m\x1b[K)\n'}
[18.029098] (sllidar_ros2) StderrLine: {'line': b'      |                                   \x1b[01;35m\x1b[K~~~~~^~~~~~~\x1b[m\x1b[K\n'}
[18.029205] (sllidar_ros2) StderrLine: {'line': b'\x1b[01m\x1b[K/home/raspi/Robots4ChildrenWithDisabilities/ROS2/ros2_ws/src/sllidar_ros2/sdk/src/rplidar_driver.cpp:\x1b[m\x1b[K In member function \xe2\x80\x98\x1b[01m\x1b[Ku_result rp::standalone::rplidar::RPlidarDriver::\x1b[01;32m\x1b[KgetScanDataWithInterval\x1b[m\x1b[K(rplidar_response_measurement_node_t*, size_t&)\x1b[m\x1b[K\xe2\x80\x99:\n'}
[18.029309] (sllidar_ros2) StderrLine: {'line': b'\x1b[01m\x1b[K/home/raspi/Robots4ChildrenWithDisabilities/ROS2/ros2_ws/src/sllidar_ros2/sdk/src/rplidar_driver.cpp:180:91:\x1b[m\x1b[K \x1b[01;35m\x1b[Kwarning: \x1b[m\x1b[Kunused parameter \xe2\x80\x98\x1b[01m\x1b[Knodebuffer\x1b[m\x1b[K\xe2\x80\x99 [\x1b[01;35m\x1b[K\x1b]8;;https://gcc.gnu.org/onlinedocs/gcc/Warning-Options.html#index-Wunused-parameter\x07-Wunused-parameter\x1b]8;;\x07\x1b[m\x1b[K]\n'}
[18.029458] (sllidar_ros2) StderrLine: {'line': b'  180 |     u_result RPlidarDriver::getScanDataWithInterval(\x1b[01;35m\x1b[Krplidar_response_measurement_node_t * nodebuffer\x1b[m\x1b[K, size_t & count)\n'}
[18.029574] (sllidar_ros2) StderrLine: {'line': b'      |                                                     \x1b[01;35m\x1b[K~~~~~~~~~~~~~~~~~~~~~~~~~~~~~~~~~~~~~~^~~~~~~~~~\x1b[m\x1b[K\n'}
[18.033402] (sllidar_ros2) StderrLine: {'line': b'\x1b[01m\x1b[K/home/raspi/Robots4ChildrenWithDisabilities/ROS2/ros2_ws/src/sllidar_ros2/sdk/src/rplidar_driver.cpp:180:112:\x1b[m\x1b[K \x1b[01;35m\x1b[Kwarning: \x1b[m\x1b[Kunused parameter \xe2\x80\x98\x1b[01m\x1b[Kcount\x1b[m\x1b[K\xe2\x80\x99 [\x1b[01;35m\x1b[K\x1b]8;;https://gcc.gnu.org/onlinedocs/gcc/Warning-Options.html#index-Wunused-parameter\x07-Wunused-parameter\x1b]8;;\x07\x1b[m\x1b[K]\n'}
[18.034932] (sllidar_ros2) StderrLine: {'line': b'  180 |     u_result RPlidarDriver::getScanDataWithInterval(rplidar_response_measurement_node_t * nodebuffer, \x1b[01;35m\x1b[Ksize_t & count\x1b[m\x1b[K)\n'}
[18.035125] (sllidar_ros2) StderrLine: {'line': b'      |                                                                                                       \x1b[01;35m\x1b[K~~~~~~~~~^~~~~\x1b[m\x1b[K\n'}
[18.124915] (-) TimerEvent: {}
[18.227260] (-) TimerEvent: {}
[18.328964] (-) TimerEvent: {}
[18.356713] (sllidar_ros2) StdoutLine: {'line': b'[ 65%] \x1b[32mBuilding CXX object CMakeFiles/sllidar_node.dir/sdk/src/sl_crc.cpp.o\x1b[0m\n'}
[18.429124] (-) TimerEvent: {}
[18.466780] (sllidar_ros2) StderrLine: {'line': b'In file included from \x1b[01m\x1b[K/home/raspi/Robots4ChildrenWithDisabilities/ROS2/ros2_ws/src/sllidar_ros2/./sdk/include/sl_lidar_cmd.h:41\x1b[m\x1b[K,\n'}
[18.467222] (sllidar_ros2) StderrLine: {'line': b'                 from \x1b[01m\x1b[K/home/raspi/Robots4ChildrenWithDisabilities/ROS2/ros2_ws/src/sllidar_ros2/./sdk/include/sl_crc.h:36\x1b[m\x1b[K,\n'}
[18.469948] (sllidar_ros2) StderrLine: {'line': b'                 from \x1b[01m\x1b[K/home/raspi/Robots4ChildrenWithDisabilities/ROS2/ros2_ws/src/sllidar_ros2/sdk/src/sl_crc.cpp:33\x1b[m\x1b[K:\n'}
[18.470988] (sllidar_ros2) StderrLine: {'line': b'\x1b[01m\x1b[K/home/raspi/Robots4ChildrenWithDisabilities/ROS2/ros2_ws/src/sllidar_ros2/./sdk/include/sl_lidar_protocol.h:66:16:\x1b[m\x1b[K \x1b[01;35m\x1b[Kwarning: \x1b[m\x1b[KISO C++ forbids zero-size array \xe2\x80\x98\x1b[01m\x1b[Kdata\x1b[m\x1b[K\xe2\x80\x99 [\x1b[01;35m\x1b[K\x1b]8;;https://gcc.gnu.org/onlinedocs/gcc/Warning-Options.html#index-Wpedantic\x07-Wpedantic\x1b]8;;\x07\x1b[m\x1b[K]\n'}
[18.471165] (sllidar_ros2) StderrLine: {'line': b'   66 |     sl_u8 data[\x1b[01;35m\x1b[K0\x1b[m\x1b[K];\n'}
[18.471292] (sllidar_ros2) StderrLine: {'line': b'      |                \x1b[01;35m\x1b[K^\x1b[m\x1b[K\n'}
[18.471415] (sllidar_ros2) StderrLine: {'line': b'\x1b[01m\x1b[K/home/raspi/Robots4ChildrenWithDisabilities/ROS2/ros2_ws/src/sllidar_ros2/./sdk/include/sl_lidar_cmd.h:324:20:\x1b[m\x1b[K \x1b[01;35m\x1b[Kwarning: \x1b[m\x1b[KISO C++ forbids zero-size array \xe2\x80\x98\x1b[01m\x1b[Kpayload\x1b[m\x1b[K\xe2\x80\x99 [\x1b[01;35m\x1b[K\x1b]8;;https://gcc.gnu.org/onlinedocs/gcc/Warning-Options.html#index-Wpedantic\x07-Wpedantic\x1b]8;;\x07\x1b[m\x1b[K]\n'}
[18.471526] (sllidar_ros2) StderrLine: {'line': b'  324 |     sl_u8  payload[\x1b[01;35m\x1b[K0\x1b[m\x1b[K];\n'}
[18.471618] (sllidar_ros2) StderrLine: {'line': b'      |                    \x1b[01;35m\x1b[K^\x1b[m\x1b[K\n'}
[18.531012] (-) TimerEvent: {}
[18.582727] (sllidar_ros2) StdoutLine: {'line': b'[ 70%] \x1b[32mBuilding CXX object CMakeFiles/sllidar_node.dir/sdk/src/sl_lidar_driver.cpp.o\x1b[0m\n'}
[18.631598] (-) TimerEvent: {}
[18.732417] (-) TimerEvent: {}
[18.834218] (-) TimerEvent: {}
[18.934845] (-) TimerEvent: {}
[19.038406] (-) TimerEvent: {}
[19.056761] (sllidar_ros2) StderrLine: {'line': b'In file included from \x1b[01m\x1b[K/home/raspi/Robots4ChildrenWithDisabilities/ROS2/ros2_ws/src/sllidar_ros2/./sdk/include/rplidar_protocol.h:36\x1b[m\x1b[K,\n'}
[19.057156] (sllidar_ros2) StderrLine: {'line': b'                 from \x1b[01m\x1b[K/home/raspi/Robots4ChildrenWithDisabilities/ROS2/ros2_ws/src/sllidar_ros2/./sdk/include/rplidar.h:39\x1b[m\x1b[K,\n'}
[19.057331] (sllidar_ros2) StderrLine: {'line': b'                 from \x1b[01m\x1b[K/home/raspi/Robots4ChildrenWithDisabilities/ROS2/ros2_ws/src/sllidar_ros2/sdk/src/sdkcommon.h:49\x1b[m\x1b[K,\n'}
[19.057486] (sllidar_ros2) StderrLine: {'line': b'                 from \x1b[01m\x1b[K/home/raspi/Robots4ChildrenWithDisabilities/ROS2/ros2_ws/src/sllidar_ros2/sdk/src/sl_async_transceiver.cpp:35\x1b[m\x1b[K:\n'}
[19.057602] (sllidar_ros2) StderrLine: {'line': b'\x1b[01m\x1b[K/home/raspi/Robots4ChildrenWithDisabilities/ROS2/ros2_ws/src/sllidar_ros2/./sdk/include/sl_lidar_protocol.h:66:16:\x1b[m\x1b[K \x1b[01;35m\x1b[Kwarning: \x1b[m\x1b[KISO C++ forbids zero-size array \xe2\x80\x98\x1b[01m\x1b[Kdata\x1b[m\x1b[K\xe2\x80\x99 [\x1b[01;35m\x1b[K\x1b]8;;https://gcc.gnu.org/onlinedocs/gcc/Warning-Options.html#index-Wpedantic\x07-Wpedantic\x1b]8;;\x07\x1b[m\x1b[K]\n'}
[19.057788] (sllidar_ros2) StderrLine: {'line': b'   66 |     sl_u8 data[\x1b[01;35m\x1b[K0\x1b[m\x1b[K];\n'}
[19.058009] (sllidar_ros2) StderrLine: {'line': b'      |                \x1b[01;35m\x1b[K^\x1b[m\x1b[K\n'}
[19.058458] (sllidar_ros2) StderrLine: {'line': b'In file included from \x1b[01m\x1b[K/home/raspi/Robots4ChildrenWithDisabilities/ROS2/ros2_ws/src/sllidar_ros2/./sdk/include/rplidar_cmd.h:36\x1b[m\x1b[K,\n'}
[19.058601] (sllidar_ros2) StderrLine: {'line': b'                 from \x1b[01m\x1b[K/home/raspi/Robots4ChildrenWithDisabilities/ROS2/ros2_ws/src/sllidar_ros2/./sdk/include/rplidar.h:40\x1b[m\x1b[K:\n'}
[19.058773] (sllidar_ros2) StderrLine: {'line': b'\x1b[01m\x1b[K/home/raspi/Robots4ChildrenWithDisabilities/ROS2/ros2_ws/src/sllidar_ros2/./sdk/include/sl_lidar_cmd.h:324:20:\x1b[m\x1b[K \x1b[01;35m\x1b[Kwarning: \x1b[m\x1b[KISO C++ forbids zero-size array \xe2\x80\x98\x1b[01m\x1b[Kpayload\x1b[m\x1b[K\xe2\x80\x99 [\x1b[01;35m\x1b[K\x1b]8;;https://gcc.gnu.org/onlinedocs/gcc/Warning-Options.html#index-Wpedantic\x07-Wpedantic\x1b]8;;\x07\x1b[m\x1b[K]\n'}
[19.058945] (sllidar_ros2) StderrLine: {'line': b'  324 |     sl_u8  payload[\x1b[01;35m\x1b[K0\x1b[m\x1b[K];\n'}
[19.059078] (sllidar_ros2) StderrLine: {'line': b'      |                    \x1b[01;35m\x1b[K^\x1b[m\x1b[K\n'}
[19.142772] (-) TimerEvent: {}
[19.245076] (-) TimerEvent: {}
[19.345644] (-) TimerEvent: {}
[19.381474] (sllidar_ros2) StderrLine: {'line': b'In file included from \x1b[01m\x1b[K/home/raspi/Robots4ChildrenWithDisabilities/ROS2/ros2_ws/src/sllidar_ros2/sdk/src/sl_async_transceiver.cpp:44\x1b[m\x1b[K:\n'}
[19.382219] (sllidar_ros2) StderrLine: {'line': b'\x1b[01m\x1b[K/home/raspi/Robots4ChildrenWithDisabilities/ROS2/ros2_ws/src/sllidar_ros2/sdk/src/sl_async_transceiver.h:\x1b[m\x1b[K In member function \xe2\x80\x98\x1b[01m\x1b[Kvirtual void sl::internal::IAsyncProtocolCodec::\x1b[01;32m\x1b[KonChannelError\x1b[m\x1b[K(u_result)\x1b[m\x1b[K\xe2\x80\x99:\n'}
[19.383105] (sllidar_ros2) StderrLine: {'line': b'\x1b[01m\x1b[K/home/raspi/Robots4ChildrenWithDisabilities/ROS2/ros2_ws/src/sllidar_ros2/sdk/src/sl_async_transceiver.h:90:48:\x1b[m\x1b[K \x1b[01;35m\x1b[Kwarning: \x1b[m\x1b[Kunused parameter \xe2\x80\x98\x1b[01m\x1b[KerrCode\x1b[m\x1b[K\xe2\x80\x99 [\x1b[01;35m\x1b[K\x1b]8;;https://gcc.gnu.org/onlinedocs/gcc/Warning-Options.html#index-Wunused-parameter\x07-Wunused-parameter\x1b]8;;\x07\x1b[m\x1b[K]\n'}
[19.385005] (sllidar_ros2) StderrLine: {'line': b'   90 |         virtual void   onChannelError(\x1b[01;35m\x1b[Ku_result errCode\x1b[m\x1b[K) {}\n'}
[19.387288] (sllidar_ros2) StderrLine: {'line': b'      |                                       \x1b[01;35m\x1b[K~~~~~~~~~^~~~~~~\x1b[m\x1b[K\n'}
[19.445998] (-) TimerEvent: {}
[19.552541] (-) TimerEvent: {}
[19.653050] (-) TimerEvent: {}
[19.753487] (-) TimerEvent: {}
[19.854529] (-) TimerEvent: {}
[19.958909] (-) TimerEvent: {}
[20.061775] (-) TimerEvent: {}
[20.164790] (-) TimerEvent: {}
[20.223570] (sllidar_ros2) StdoutLine: {'line': b'[ 75%] \x1b[32mBuilding CXX object CMakeFiles/sllidar_node.dir/sdk/src/sl_lidarprotocol_codec.cpp.o\x1b[0m\n'}
[20.265016] (-) TimerEvent: {}
[20.365543] (-) TimerEvent: {}
[20.469619] (-) TimerEvent: {}
[20.570123] (-) TimerEvent: {}
[20.670594] (-) TimerEvent: {}
[20.772838] (-) TimerEvent: {}
[20.873360] (-) TimerEvent: {}
[20.973892] (-) TimerEvent: {}
[21.078771] (-) TimerEvent: {}
[21.179356] (-) TimerEvent: {}
[21.248803] (sllidar_ros2) StderrLine: {'line': b'In file included from \x1b[01m\x1b[K/home/raspi/Robots4ChildrenWithDisabilities/ROS2/ros2_ws/src/sllidar_ros2/./sdk/include/rplidar_protocol.h:36\x1b[m\x1b[K,\n'}
[21.249765] (sllidar_ros2) StderrLine: {'line': b'                 from \x1b[01m\x1b[K/home/raspi/Robots4ChildrenWithDisabilities/ROS2/ros2_ws/src/sllidar_ros2/./sdk/include/rplidar.h:39\x1b[m\x1b[K,\n'}
[21.250480] (sllidar_ros2) StderrLine: {'line': b'                 from \x1b[01m\x1b[K/home/raspi/Robots4ChildrenWithDisabilities/ROS2/ros2_ws/src/sllidar_ros2/sdk/src/sdkcommon.h:49\x1b[m\x1b[K,\n'}
[21.252082] (sllidar_ros2) StderrLine: {'line': b'                 from \x1b[01m\x1b[K/home/raspi/Robots4ChildrenWithDisabilities/ROS2/ros2_ws/src/sllidar_ros2/sdk/src/sl_lidar_driver.cpp:33\x1b[m\x1b[K:\n'}
[21.253877] (sllidar_ros2) StderrLine: {'line': b'\x1b[01m\x1b[K/home/raspi/Robots4ChildrenWithDisabilities/ROS2/ros2_ws/src/sllidar_ros2/./sdk/include/sl_lidar_protocol.h:66:16:\x1b[m\x1b[K \x1b[01;35m\x1b[Kwarning: \x1b[m\x1b[KISO C++ forbids zero-size array \xe2\x80\x98\x1b[01m\x1b[Kdata\x1b[m\x1b[K\xe2\x80\x99 [\x1b[01;35m\x1b[K\x1b]8;;https://gcc.gnu.org/onlinedocs/gcc/Warning-Options.html#index-Wpedantic\x07-Wpedantic\x1b]8;;\x07\x1b[m\x1b[K]\n'}
[21.254231] (sllidar_ros2) StderrLine: {'line': b'   66 |     sl_u8 data[\x1b[01;35m\x1b[K0\x1b[m\x1b[K];\n'}
[21.254551] (sllidar_ros2) StderrLine: {'line': b'      |                \x1b[01;35m\x1b[K^\x1b[m\x1b[K\n'}
[21.255571] (sllidar_ros2) StderrLine: {'line': b'In file included from \x1b[01m\x1b[K/home/raspi/Robots4ChildrenWithDisabilities/ROS2/ros2_ws/src/sllidar_ros2/./sdk/include/rplidar_cmd.h:36\x1b[m\x1b[K,\n'}
[21.256728] (sllidar_ros2) StderrLine: {'line': b'                 from \x1b[01m\x1b[K/home/raspi/Robots4ChildrenWithDisabilities/ROS2/ros2_ws/src/sllidar_ros2/./sdk/include/rplidar.h:40\x1b[m\x1b[K:\n'}
[21.258197] (sllidar_ros2) StderrLine: {'line': b'\x1b[01m\x1b[K/home/raspi/Robots4ChildrenWithDisabilities/ROS2/ros2_ws/src/sllidar_ros2/./sdk/include/sl_lidar_cmd.h:324:20:\x1b[m\x1b[K \x1b[01;35m\x1b[Kwarning: \x1b[m\x1b[KISO C++ forbids zero-size array \xe2\x80\x98\x1b[01m\x1b[Kpayload\x1b[m\x1b[K\xe2\x80\x99 [\x1b[01;35m\x1b[K\x1b]8;;https://gcc.gnu.org/onlinedocs/gcc/Warning-Options.html#index-Wpedantic\x07-Wpedantic\x1b]8;;\x07\x1b[m\x1b[K]\n'}
[21.260450] (sllidar_ros2) StderrLine: {'line': b'  324 |     sl_u8  payload[\x1b[01;35m\x1b[K0\x1b[m\x1b[K];\n'}
[21.261053] (sllidar_ros2) StderrLine: {'line': b'      |                    \x1b[01;35m\x1b[K^\x1b[m\x1b[K\n'}
[21.280614] (-) TimerEvent: {}
[21.381197] (-) TimerEvent: {}
[21.482417] (-) TimerEvent: {}
[21.584235] (-) TimerEvent: {}
[21.687700] (-) TimerEvent: {}
[21.788868] (-) TimerEvent: {}
[21.800720] (sllidar_ros2) StderrLine: {'line': b'In file included from \x1b[01m\x1b[K/home/raspi/Robots4ChildrenWithDisabilities/ROS2/ros2_ws/src/sllidar_ros2/sdk/src/sl_lidar_driver.cpp:50\x1b[m\x1b[K:\n'}
[21.802072] (sllidar_ros2) StderrLine: {'line': b'\x1b[01m\x1b[K/home/raspi/Robots4ChildrenWithDisabilities/ROS2/ros2_ws/src/sllidar_ros2/sdk/src/dataunpacker/dataunpacker.h:\x1b[m\x1b[K In member function \xe2\x80\x98\x1b[01m\x1b[Kvirtual void sl::internal::LIDARSampleDataListener::\x1b[01;32m\x1b[KonCustomSampleDataDecoded\x1b[m\x1b[K(_u8, _u32, const void*, size_t)\x1b[m\x1b[K\xe2\x80\x99:\n'}
[21.802369] (sllidar_ros2) StderrLine: {'line': b'\x1b[01m\x1b[K/home/raspi/Robots4ChildrenWithDisabilities/ROS2/ros2_ws/src/sllidar_ros2/sdk/src/dataunpacker/dataunpacker.h:54:52:\x1b[m\x1b[K \x1b[01;35m\x1b[Kwarning: \x1b[m\x1b[Kunused parameter \xe2\x80\x98\x1b[01m\x1b[KansType\x1b[m\x1b[K\xe2\x80\x99 [\x1b[01;35m\x1b[K\x1b]8;;https://gcc.gnu.org/onlinedocs/gcc/Warning-Options.html#index-Wunused-parameter\x07-Wunused-parameter\x1b]8;;\x07\x1b[m\x1b[K]\n'}
[21.802600] (sllidar_ros2) StderrLine: {'line': b'   54 |         virtual void onCustomSampleDataDecoded(\x1b[01;35m\x1b[K_u8 ansType\x1b[m\x1b[K, _u32 customCode, const void* data, size_t size) {}\n'}
[21.802809] (sllidar_ros2) StderrLine: {'line': b'      |                                                \x1b[01;35m\x1b[K~~~~^~~~~~~\x1b[m\x1b[K\n'}
[21.802961] (sllidar_ros2) StderrLine: {'line': b'\x1b[01m\x1b[K/home/raspi/Robots4ChildrenWithDisabilities/ROS2/ros2_ws/src/sllidar_ros2/sdk/src/dataunpacker/dataunpacker.h:54:66:\x1b[m\x1b[K \x1b[01;35m\x1b[Kwarning: \x1b[m\x1b[Kunused parameter \xe2\x80\x98\x1b[01m\x1b[KcustomCode\x1b[m\x1b[K\xe2\x80\x99 [\x1b[01;35m\x1b[K\x1b]8;;https://gcc.gnu.org/onlinedocs/gcc/Warning-Options.html#index-Wunused-parameter\x07-Wunused-parameter\x1b]8;;\x07\x1b[m\x1b[K]\n'}
[21.803110] (sllidar_ros2) StderrLine: {'line': b'   54 |         virtual void onCustomSampleDataDecoded(_u8 ansType, \x1b[01;35m\x1b[K_u32 customCode\x1b[m\x1b[K, const void* data, size_t size) {}\n'}
[21.803242] (sllidar_ros2) StderrLine: {'line': b'      |                                                             \x1b[01;35m\x1b[K~~~~~^~~~~~~~~~\x1b[m\x1b[K\n'}
[21.803372] (sllidar_ros2) StderrLine: {'line': b'\x1b[01m\x1b[K/home/raspi/Robots4ChildrenWithDisabilities/ROS2/ros2_ws/src/sllidar_ros2/sdk/src/dataunpacker/dataunpacker.h:54:90:\x1b[m\x1b[K \x1b[01;35m\x1b[Kwarning: \x1b[m\x1b[Kunused parameter \xe2\x80\x98\x1b[01m\x1b[Kdata\x1b[m\x1b[K\xe2\x80\x99 [\x1b[01;35m\x1b[K\x1b]8;;https://gcc.gnu.org/onlinedocs/gcc/Warning-Options.html#index-Wunused-parameter\x07-Wunused-parameter\x1b]8;;\x07\x1b[m\x1b[K]\n'}
[21.803495] (sllidar_ros2) StderrLine: {'line': b'   54 |         virtual void onCustomSampleDataDecoded(_u8 ansType, _u32 customCode, \x1b[01;35m\x1b[Kconst void* data\x1b[m\x1b[K, size_t size) {}\n'}
[21.803613] (sllidar_ros2) StderrLine: {'line': b'      |                                                                              \x1b[01;35m\x1b[K~~~~~~~~~~~~^~~~\x1b[m\x1b[K\n'}
[21.803815] (sllidar_ros2) StderrLine: {'line': b'\x1b[01m\x1b[K/home/raspi/Robots4ChildrenWithDisabilities/ROS2/ros2_ws/src/sllidar_ros2/sdk/src/dataunpacker/dataunpacker.h:54:103:\x1b[m\x1b[K \x1b[01;35m\x1b[Kwarning: \x1b[m\x1b[Kunused parameter \xe2\x80\x98\x1b[01m\x1b[Ksize\x1b[m\x1b[K\xe2\x80\x99 [\x1b[01;35m\x1b[K\x1b]8;;https://gcc.gnu.org/onlinedocs/gcc/Warning-Options.html#index-Wunused-parameter\x07-Wunused-parameter\x1b]8;;\x07\x1b[m\x1b[K]\n'}
[21.803983] (sllidar_ros2) StderrLine: {'line': b'   54 |         virtual void onCustomSampleDataDecoded(_u8 ansType, _u32 customCode, const void* data, \x1b[01;35m\x1b[Ksize_t size\x1b[m\x1b[K) {}\n'}
[21.804171] (sllidar_ros2) StderrLine: {'line': b'      |                                                                                                \x1b[01;35m\x1b[K~~~~~~~^~~~\x1b[m\x1b[K\n'}
[21.804341] (sllidar_ros2) StderrLine: {'line': b'\x1b[01m\x1b[K/home/raspi/Robots4ChildrenWithDisabilities/ROS2/ros2_ws/src/sllidar_ros2/sdk/src/dataunpacker/dataunpacker.h:\x1b[m\x1b[K In member function \xe2\x80\x98\x1b[01m\x1b[Kvirtual void sl::internal::LIDARSampleDataListener::\x1b[01;32m\x1b[KonDecodingError\x1b[m\x1b[K(int, _u8, const void*, size_t)\x1b[m\x1b[K\xe2\x80\x99:\n'}
[21.804555] (sllidar_ros2) StderrLine: {'line': b'\x1b[01m\x1b[K/home/raspi/Robots4ChildrenWithDisabilities/ROS2/ros2_ws/src/sllidar_ros2/sdk/src/dataunpacker/dataunpacker.h:56:42:\x1b[m\x1b[K \x1b[01;35m\x1b[Kwarning: \x1b[m\x1b[Kunused parameter \xe2\x80\x98\x1b[01m\x1b[KerrMsg\x1b[m\x1b[K\xe2\x80\x99 [\x1b[01;35m\x1b[K\x1b]8;;https://gcc.gnu.org/onlinedocs/gcc/Warning-Options.html#index-Wunused-parameter\x07-Wunused-parameter\x1b]8;;\x07\x1b[m\x1b[K]\n'}
[21.809563] (sllidar_ros2) StderrLine: {'line': b'   56 |         virtual void onDecodingError(\x1b[01;35m\x1b[Kint errMsg\x1b[m\x1b[K, _u8 ansType, const void* payload, size_t size) {}\n'}
[21.813069] (sllidar_ros2) StderrLine: {'line': b'      |                                      \x1b[01;35m\x1b[K~~~~^~~~~~\x1b[m\x1b[K\n'}
[21.813404] (sllidar_ros2) StderrLine: {'line': b'\x1b[01m\x1b[K/home/raspi/Robots4ChildrenWithDisabilities/ROS2/ros2_ws/src/sllidar_ros2/sdk/src/dataunpacker/dataunpacker.h:56:54:\x1b[m\x1b[K \x1b[01;35m\x1b[Kwarning: \x1b[m\x1b[Kunused parameter \xe2\x80\x98\x1b[01m\x1b[KansType\x1b[m\x1b[K\xe2\x80\x99 [\x1b[01;35m\x1b[K\x1b]8;;https://gcc.gnu.org/onlinedocs/gcc/Warning-Options.html#index-Wunused-parameter\x07-Wunused-parameter\x1b]8;;\x07\x1b[m\x1b[K]\n'}
[21.813770] (sllidar_ros2) StderrLine: {'line': b'   56 |         virtual void onDecodingError(int errMsg, \x1b[01;35m\x1b[K_u8 ansType\x1b[m\x1b[K, const void* payload, size_t size) {}\n'}
[21.814240] (sllidar_ros2) StderrLine: {'line': b'      |                                                  \x1b[01;35m\x1b[K~~~~^~~~~~~\x1b[m\x1b[K\n'}
[21.814582] (sllidar_ros2) StderrLine: {'line': b'\x1b[01m\x1b[K/home/raspi/Robots4ChildrenWithDisabilities/ROS2/ros2_ws/src/sllidar_ros2/sdk/src/dataunpacker/dataunpacker.h:56:75:\x1b[m\x1b[K \x1b[01;35m\x1b[Kwarning: \x1b[m\x1b[Kunused parameter \xe2\x80\x98\x1b[01m\x1b[Kpayload\x1b[m\x1b[K\xe2\x80\x99 [\x1b[01;35m\x1b[K\x1b]8;;https://gcc.gnu.org/onlinedocs/gcc/Warning-Options.html#index-Wunused-parameter\x07-Wunused-parameter\x1b]8;;\x07\x1b[m\x1b[K]\n'}
[21.815010] (sllidar_ros2) StderrLine: {'line': b'   56 |         virtual void onDecodingError(int errMsg, _u8 ansType, \x1b[01;35m\x1b[Kconst void* payload\x1b[m\x1b[K, size_t size) {}\n'}
[21.815353] (sllidar_ros2) StderrLine: {'line': b'      |                                                               \x1b[01;35m\x1b[K~~~~~~~~~~~~^~~~~~~\x1b[m\x1b[K\n'}
[21.815811] (sllidar_ros2) StderrLine: {'line': b'\x1b[01m\x1b[K/home/raspi/Robots4ChildrenWithDisabilities/ROS2/ros2_ws/src/sllidar_ros2/sdk/src/dataunpacker/dataunpacker.h:56:91:\x1b[m\x1b[K \x1b[01;35m\x1b[Kwarning: \x1b[m\x1b[Kunused parameter \xe2\x80\x98\x1b[01m\x1b[Ksize\x1b[m\x1b[K\xe2\x80\x99 [\x1b[01;35m\x1b[K\x1b]8;;https://gcc.gnu.org/onlinedocs/gcc/Warning-Options.html#index-Wunused-parameter\x07-Wunused-parameter\x1b]8;;\x07\x1b[m\x1b[K]\n'}
[21.816656] (sllidar_ros2) StderrLine: {'line': b'   56 |         virtual void onDecodingError(int errMsg, _u8 ansType, const void* payload, \x1b[01;35m\x1b[Ksize_t size\x1b[m\x1b[K) {}\n'}
[21.817711] (sllidar_ros2) StderrLine: {'line': b'      |                                                                                    \x1b[01;35m\x1b[K~~~~~~~^~~~\x1b[m\x1b[K\n'}
[21.838034] (sllidar_ros2) StderrLine: {'line': b'In file included from \x1b[01m\x1b[K/home/raspi/Robots4ChildrenWithDisabilities/ROS2/ros2_ws/src/sllidar_ros2/sdk/src/sl_lidar_driver.cpp:51\x1b[m\x1b[K:\n'}
[21.838403] (sllidar_ros2) StderrLine: {'line': b'\x1b[01m\x1b[K/home/raspi/Robots4ChildrenWithDisabilities/ROS2/ros2_ws/src/sllidar_ros2/sdk/src/sl_async_transceiver.h:\x1b[m\x1b[K In member function \xe2\x80\x98\x1b[01m\x1b[Kvirtual void sl::internal::IAsyncProtocolCodec::\x1b[01;32m\x1b[KonChannelError\x1b[m\x1b[K(u_result)\x1b[m\x1b[K\xe2\x80\x99:\n'}
[21.838592] (sllidar_ros2) StderrLine: {'line': b'\x1b[01m\x1b[K/home/raspi/Robots4ChildrenWithDisabilities/ROS2/ros2_ws/src/sllidar_ros2/sdk/src/sl_async_transceiver.h:90:48:\x1b[m\x1b[K \x1b[01;35m\x1b[Kwarning: \x1b[m\x1b[Kunused parameter \xe2\x80\x98\x1b[01m\x1b[KerrCode\x1b[m\x1b[K\xe2\x80\x99 [\x1b[01;35m\x1b[K\x1b]8;;https://gcc.gnu.org/onlinedocs/gcc/Warning-Options.html#index-Wunused-parameter\x07-Wunused-parameter\x1b]8;;\x07\x1b[m\x1b[K]\n'}
[21.838822] (sllidar_ros2) StderrLine: {'line': b'   90 |         virtual void   onChannelError(\x1b[01;35m\x1b[Ku_result errCode\x1b[m\x1b[K) {}\n'}
[21.838980] (sllidar_ros2) StderrLine: {'line': b'      |                                       \x1b[01;35m\x1b[K~~~~~~~~~^~~~~~~\x1b[m\x1b[K\n'}
[21.890948] (-) TimerEvent: {}
[21.923974] (sllidar_ros2) StderrLine: {'line': b'\x1b[01m\x1b[K/home/raspi/Robots4ChildrenWithDisabilities/ROS2/ros2_ws/src/sllidar_ros2/sdk/src/sl_lidar_driver.cpp:\x1b[m\x1b[K In member function \xe2\x80\x98\x1b[01m\x1b[Kvirtual sl_result sl::SlamtecLidarDriver::\x1b[01;32m\x1b[Kreset\x1b[m\x1b[K(sl_u32)\x1b[m\x1b[K\xe2\x80\x99:\n'}
[21.925432] (sllidar_ros2) StderrLine: {'line': b'\x1b[01m\x1b[K/home/raspi/Robots4ChildrenWithDisabilities/ROS2/ros2_ws/src/sllidar_ros2/sdk/src/sl_lidar_driver.cpp:511:32:\x1b[m\x1b[K \x1b[01;35m\x1b[Kwarning: \x1b[m\x1b[Kunused parameter \xe2\x80\x98\x1b[01m\x1b[KtimeoutInMs\x1b[m\x1b[K\xe2\x80\x99 [\x1b[01;35m\x1b[K\x1b]8;;https://gcc.gnu.org/onlinedocs/gcc/Warning-Options.html#index-Wunused-parameter\x07-Wunused-parameter\x1b]8;;\x07\x1b[m\x1b[K]\n'}
[21.929896] (sllidar_ros2) StderrLine: {'line': b'  511 |         sl_result reset(\x1b[01;35m\x1b[Ksl_u32 timeoutInMs = DEFAULT_TIMEOUT\x1b[m\x1b[K)\n'}
[21.930178] (sllidar_ros2) StderrLine: {'line': b'      |                         \x1b[01;35m\x1b[K~~~~~~~^~~~~~~~~~~~~~~~~~~~~~~~~~~~~\x1b[m\x1b[K\n'}
[21.937027] (sllidar_ros2) StderrLine: {'line': b'\x1b[01m\x1b[K/home/raspi/Robots4ChildrenWithDisabilities/ROS2/ros2_ws/src/sllidar_ros2/sdk/src/sl_lidar_driver.cpp:\x1b[m\x1b[K In member function \xe2\x80\x98\x1b[01m\x1b[Kvirtual sl_result sl::SlamtecLidarDriver::\x1b[01;32m\x1b[KstartScan\x1b[m\x1b[K(bool, bool, sl_u32, sl::LidarScanMode*)\x1b[m\x1b[K\xe2\x80\x99:\n'}
[21.937510] (sllidar_ros2) StderrLine: {'line': b'\x1b[01m\x1b[K/home/raspi/Robots4ChildrenWithDisabilities/ROS2/ros2_ws/src/sllidar_ros2/sdk/src/sl_lidar_driver.cpp:586:69:\x1b[m\x1b[K \x1b[01;35m\x1b[Kwarning: \x1b[m\x1b[Kunused parameter \xe2\x80\x98\x1b[01m\x1b[Koptions\x1b[m\x1b[K\xe2\x80\x99 [\x1b[01;35m\x1b[K\x1b]8;;https://gcc.gnu.org/onlinedocs/gcc/Warning-Options.html#index-Wunused-parameter\x07-Wunused-parameter\x1b]8;;\x07\x1b[m\x1b[K]\n'}
[21.937751] (sllidar_ros2) StderrLine: {'line': b'  586 |         sl_result startScan(bool force, bool useTypicalScan, \x1b[01;35m\x1b[Ksl_u32 options = 0\x1b[m\x1b[K, LidarScanMode* outUsedScanMode = nullptr)\n'}
[21.937966] (sllidar_ros2) StderrLine: {'line': b'      |                                                              \x1b[01;35m\x1b[K~~~~~~~^~~~~~~~~~~\x1b[m\x1b[K\n'}
[21.943621] (sllidar_ros2) StderrLine: {'line': b'\x1b[01m\x1b[K/home/raspi/Robots4ChildrenWithDisabilities/ROS2/ros2_ws/src/sllidar_ros2/sdk/src/sl_lidar_driver.cpp:\x1b[m\x1b[K In member function \xe2\x80\x98\x1b[01m\x1b[Kvirtual sl_result sl::SlamtecLidarDriver::\x1b[01;32m\x1b[Kstop\x1b[m\x1b[K(sl_u32)\x1b[m\x1b[K\xe2\x80\x99:\n'}
[21.946078] (sllidar_ros2) StderrLine: {'line': b'\x1b[01m\x1b[K/home/raspi/Robots4ChildrenWithDisabilities/ROS2/ros2_ws/src/sllidar_ros2/sdk/src/sl_lidar_driver.cpp:763:31:\x1b[m\x1b[K \x1b[01;35m\x1b[Kwarning: \x1b[m\x1b[Kunused parameter \xe2\x80\x98\x1b[01m\x1b[Ktimeout\x1b[m\x1b[K\xe2\x80\x99 [\x1b[01;35m\x1b[K\x1b]8;;https://gcc.gnu.org/onlinedocs/gcc/Warning-Options.html#index-Wunused-parameter\x07-Wunused-parameter\x1b]8;;\x07\x1b[m\x1b[K]\n'}
[21.946368] (sllidar_ros2) StderrLine: {'line': b'  763 |         sl_result stop(\x1b[01;35m\x1b[Ksl_u32 timeout = DEFAULT_TIMEOUT\x1b[m\x1b[K)\n'}
[21.946560] (sllidar_ros2) StderrLine: {'line': b'      |                        \x1b[01;35m\x1b[K~~~~~~~^~~~~~~~~~~~~~~~~~~~~~~~~\x1b[m\x1b[K\n'}
[21.951392] (sllidar_ros2) StderrLine: {'line': b'\x1b[01m\x1b[K/home/raspi/Robots4ChildrenWithDisabilities/ROS2/ros2_ws/src/sllidar_ros2/sdk/src/sl_lidar_driver.cpp:\x1b[m\x1b[K In member function \xe2\x80\x98\x1b[01m\x1b[Kvirtual sl_result sl::SlamtecLidarDriver::\x1b[01;32m\x1b[KgetFrequency\x1b[m\x1b[K(const sl::LidarScanMode&, const sl_lidar_response_measurement_node_hq_t*, size_t, float&)\x1b[m\x1b[K\xe2\x80\x99:\n'}
[21.951948] (sllidar_ros2) StderrLine: {'line': b'\x1b[01m\x1b[K/home/raspi/Robots4ChildrenWithDisabilities/ROS2/ros2_ws/src/sllidar_ros2/sdk/src/sl_lidar_driver.cpp:880:110:\x1b[m\x1b[K \x1b[01;35m\x1b[Kwarning: \x1b[m\x1b[Kunused parameter \xe2\x80\x98\x1b[01m\x1b[Knodes\x1b[m\x1b[K\xe2\x80\x99 [\x1b[01;35m\x1b[K\x1b]8;;https://gcc.gnu.org/onlinedocs/gcc/Warning-Options.html#index-Wunused-parameter\x07-Wunused-parameter\x1b]8;;\x07\x1b[m\x1b[K]\n'}
[21.952494] (sllidar_ros2) StderrLine: {'line': b'  880 |         sl_result getFrequency(const LidarScanMode& scanMode, \x1b[01;35m\x1b[Kconst sl_lidar_response_measurement_node_hq_t* nodes\x1b[m\x1b[K, size_t count, float& frequency)\n'}
[21.952947] (sllidar_ros2) StderrLine: {'line': b'      |                                                               \x1b[01;35m\x1b[K~~~~~~~~~~~~~~~~~~~~~~~~~~~~~~~~~~~~~~~~~~~~~~~^~~~~\x1b[m\x1b[K\n'}
[21.961386] (sllidar_ros2) StderrLine: {'line': b'\x1b[01m\x1b[K/home/raspi/Robots4ChildrenWithDisabilities/ROS2/ros2_ws/src/sllidar_ros2/sdk/src/sl_lidar_driver.cpp:\x1b[m\x1b[K In member function \xe2\x80\x98\x1b[01m\x1b[Kvirtual sl_result sl::SlamtecLidarDriver::\x1b[01;32m\x1b[KgetMotorInfo\x1b[m\x1b[K(sl::LidarMotorInfo&, sl_u32)\x1b[m\x1b[K\xe2\x80\x99:\n'}
[21.962721] (sllidar_ros2) StderrLine: {'line': b'\x1b[01m\x1b[K/home/raspi/Robots4ChildrenWithDisabilities/ROS2/ros2_ws/src/sllidar_ros2/sdk/src/sl_lidar_driver.cpp:1023:66:\x1b[m\x1b[K \x1b[01;35m\x1b[Kwarning: \x1b[m\x1b[Kunused parameter \xe2\x80\x98\x1b[01m\x1b[KtimeoutInMs\x1b[m\x1b[K\xe2\x80\x99 [\x1b[01;35m\x1b[K\x1b]8;;https://gcc.gnu.org/onlinedocs/gcc/Warning-Options.html#index-Wunused-parameter\x07-Wunused-parameter\x1b]8;;\x07\x1b[m\x1b[K]\n'}
[21.964407] (sllidar_ros2) StderrLine: {'line': b' 1023 |         sl_result getMotorInfo(LidarMotorInfo &motorInfo, \x1b[01;35m\x1b[Ksl_u32 timeoutInMs\x1b[m\x1b[K)\n'}
[21.965308] (sllidar_ros2) StderrLine: {'line': b'      |                                                           \x1b[01;35m\x1b[K~~~~~~~^~~~~~~~~~~\x1b[m\x1b[K\n'}
[21.966137] (sllidar_ros2) StderrLine: {'line': b'\x1b[01m\x1b[K/home/raspi/Robots4ChildrenWithDisabilities/ROS2/ros2_ws/src/sllidar_ros2/sdk/src/sl_lidar_driver.cpp:\x1b[m\x1b[K In member function \xe2\x80\x98\x1b[01m\x1b[Ku_result sl::SlamtecLidarDriver::\x1b[01;32m\x1b[KgetScanModeCount\x1b[m\x1b[K(sl_u16&, sl_u32)\x1b[m\x1b[K\xe2\x80\x99:\n'}
[21.967895] (sllidar_ros2) StderrLine: {'line': b'\x1b[01m\x1b[K/home/raspi/Robots4ChildrenWithDisabilities/ROS2/ros2_ws/src/sllidar_ros2/sdk/src/sl_lidar_driver.cpp:1199:61:\x1b[m\x1b[K \x1b[01;35m\x1b[Kwarning: \x1b[m\x1b[Kunused parameter \xe2\x80\x98\x1b[01m\x1b[KtimeoutInMs\x1b[m\x1b[K\xe2\x80\x99 [\x1b[01;35m\x1b[K\x1b]8;;https://gcc.gnu.org/onlinedocs/gcc/Warning-Options.html#index-Wunused-parameter\x07-Wunused-parameter\x1b]8;;\x07\x1b[m\x1b[K]\n'}
[21.969078] (sllidar_ros2) StderrLine: {'line': b' 1199 |         u_result getScanModeCount(sl_u16& modeCount, \x1b[01;35m\x1b[Ksl_u32 timeoutInMs = DEFAULT_TIMEOUT\x1b[m\x1b[K)\n'}
[21.969476] (sllidar_ros2) StderrLine: {'line': b'      |                                                      \x1b[01;35m\x1b[K~~~~~~~^~~~~~~~~~~~~~~~~~~~~~~~~~~~~\x1b[m\x1b[K\n'}
[21.991265] (-) TimerEvent: {}
[22.048666] (nav_module) StdoutLine: {'line': b'[100%] \x1b[32m\x1b[1mLinking CXX executable navigator_node\x1b[0m\n'}
[22.091357] (-) TimerEvent: {}
[22.102264] (sllidar_ros2) StderrLine: {'line': b'/home/raspi/Robots4ChildrenWithDisabilities/ROS2/ros2_ws/src/sllidar_ros2/sdk/src/sl_lidar_driver.cpp: In instantiation of \xe2\x80\x98\x1b[01m\x1b[Kvoid sl::RawSampleNodeHolder<T>::\x1b[01;32m\x1b[KpushNode\x1b[m\x1b[K(_u64, const T*) \x1b[35m\x1b[K[with T = sl_lidar_response_measurement_node_hq_t; _u64 = long unsigned int]\x1b[m\x1b[K\x1b[m\x1b[K\xe2\x80\x99:\n'}
[22.102686] (sllidar_ros2) StderrLine: {'line': b'\x1b[01m\x1b[K/home/raspi/Robots4ChildrenWithDisabilities/ROS2/ros2_ws/src/sllidar_ros2/sdk/src/sl_lidar_driver.cpp:1648:42:\x1b[m\x1b[K   required from here\n'}
[22.102906] (sllidar_ros2) StderrLine: {'line': b'\x1b[01m\x1b[K/home/raspi/Robots4ChildrenWithDisabilities/ROS2/ros2_ws/src/sllidar_ros2/sdk/src/sl_lidar_driver.cpp:202:28:\x1b[m\x1b[K \x1b[01;35m\x1b[Kwarning: \x1b[m\x1b[Kunused parameter \xe2\x80\x98\x1b[01m\x1b[Ktimestamp_uS\x1b[m\x1b[K\xe2\x80\x99 [\x1b[01;35m\x1b[K\x1b]8;;https://gcc.gnu.org/onlinedocs/gcc/Warning-Options.html#index-Wunused-parameter\x07-Wunused-parameter\x1b]8;;\x07\x1b[m\x1b[K]\n'}
[22.103061] (sllidar_ros2) StderrLine: {'line': b'  202 |         void pushNode(\x1b[01;35m\x1b[K_u64 timestamp_uS\x1b[m\x1b[K, const T* node)\n'}
[22.103178] (sllidar_ros2) StderrLine: {'line': b'      |                       \x1b[01;35m\x1b[K~~~~~^~~~~~~~~~~~\x1b[m\x1b[K\n'}
[22.194239] (-) TimerEvent: {}
[22.213589] (sllidar_ros2) StderrLine: {'line': b'In file included from \x1b[01m\x1b[K/home/raspi/Robots4ChildrenWithDisabilities/ROS2/ros2_ws/src/sllidar_ros2/./sdk/include/rplidar_protocol.h:36\x1b[m\x1b[K,\n'}
[22.213987] (sllidar_ros2) StderrLine: {'line': b'                 from \x1b[01m\x1b[K/home/raspi/Robots4ChildrenWithDisabilities/ROS2/ros2_ws/src/sllidar_ros2/./sdk/include/rplidar.h:39\x1b[m\x1b[K,\n'}
[22.214146] (sllidar_ros2) StderrLine: {'line': b'                 from \x1b[01m\x1b[K/home/raspi/Robots4ChildrenWithDisabilities/ROS2/ros2_ws/src/sllidar_ros2/sdk/src/sdkcommon.h:49\x1b[m\x1b[K,\n'}
[22.214271] (sllidar_ros2) StderrLine: {'line': b'                 from \x1b[01m\x1b[K/home/raspi/Robots4ChildrenWithDisabilities/ROS2/ros2_ws/src/sllidar_ros2/sdk/src/sl_lidarprotocol_codec.cpp:35\x1b[m\x1b[K:\n'}
[22.214391] (sllidar_ros2) StderrLine: {'line': b'\x1b[01m\x1b[K/home/raspi/Robots4ChildrenWithDisabilities/ROS2/ros2_ws/src/sllidar_ros2/./sdk/include/sl_lidar_protocol.h:66:16:\x1b[m\x1b[K \x1b[01;35m\x1b[Kwarning: \x1b[m\x1b[KISO C++ forbids zero-size array \xe2\x80\x98\x1b[01m\x1b[Kdata\x1b[m\x1b[K\xe2\x80\x99 [\x1b[01;35m\x1b[K\x1b]8;;https://gcc.gnu.org/onlinedocs/gcc/Warning-Options.html#index-Wpedantic\x07-Wpedantic\x1b]8;;\x07\x1b[m\x1b[K]\n'}
[22.214539] (sllidar_ros2) StderrLine: {'line': b'   66 |     sl_u8 data[\x1b[01;35m\x1b[K0\x1b[m\x1b[K];\n'}
[22.214659] (sllidar_ros2) StderrLine: {'line': b'      |                \x1b[01;35m\x1b[K^\x1b[m\x1b[K\n'}
[22.220768] (sllidar_ros2) StderrLine: {'line': b'In file included from \x1b[01m\x1b[K/home/raspi/Robots4ChildrenWithDisabilities/ROS2/ros2_ws/src/sllidar_ros2/./sdk/include/rplidar_cmd.h:36\x1b[m\x1b[K,\n'}
[22.221161] (sllidar_ros2) StderrLine: {'line': b'                 from \x1b[01m\x1b[K/home/raspi/Robots4ChildrenWithDisabilities/ROS2/ros2_ws/src/sllidar_ros2/./sdk/include/rplidar.h:40\x1b[m\x1b[K:\n'}
[22.221315] (sllidar_ros2) StderrLine: {'line': b'\x1b[01m\x1b[K/home/raspi/Robots4ChildrenWithDisabilities/ROS2/ros2_ws/src/sllidar_ros2/./sdk/include/sl_lidar_cmd.h:324:20:\x1b[m\x1b[K \x1b[01;35m\x1b[Kwarning: \x1b[m\x1b[KISO C++ forbids zero-size array \xe2\x80\x98\x1b[01m\x1b[Kpayload\x1b[m\x1b[K\xe2\x80\x99 [\x1b[01;35m\x1b[K\x1b]8;;https://gcc.gnu.org/onlinedocs/gcc/Warning-Options.html#index-Wpedantic\x07-Wpedantic\x1b]8;;\x07\x1b[m\x1b[K]\n'}
[22.221473] (sllidar_ros2) StderrLine: {'line': b'  324 |     sl_u8  payload[\x1b[01;35m\x1b[K0\x1b[m\x1b[K];\n'}
[22.221620] (sllidar_ros2) StderrLine: {'line': b'      |                    \x1b[01;35m\x1b[K^\x1b[m\x1b[K\n'}
[22.294348] (-) TimerEvent: {}
[22.394789] (-) TimerEvent: {}
[22.501690] (-) TimerEvent: {}
[22.526129] (sllidar_ros2) StderrLine: {'line': b'\x1b[01m\x1b[K/home/raspi/Robots4ChildrenWithDisabilities/ROS2/ros2_ws/src/sllidar_ros2/sdk/src/sl_lidar_driver.cpp:\x1b[m\x1b[K At global scope:\n'}
[22.526755] (sllidar_ros2) StderrLine: {'line': b'\x1b[01m\x1b[K/home/raspi/Robots4ChildrenWithDisabilities/ROS2/ros2_ws/src/sllidar_ros2/sdk/src/sl_lidar_driver.cpp:83:17:\x1b[m\x1b[K \x1b[01;35m\x1b[Kwarning: \x1b[m\x1b[K\xe2\x80\x98\x1b[01m\x1b[Kvoid sl::\x1b[01;32m\x1b[Kconvert\x1b[m\x1b[K(const sl_lidar_response_measurement_node_hq_t&, sl_lidar_response_measurement_node_t&)\x1b[m\x1b[K\xe2\x80\x99 defined but not used [\x1b[01;35m\x1b[K\x1b]8;;https://gcc.gnu.org/onlinedocs/gcc/Warning-Options.html#index-Wunused-function\x07-Wunused-function\x1b]8;;\x07\x1b[m\x1b[K]\n'}
[22.527019] (sllidar_ros2) StderrLine: {'line': b'   83 |     static void \x1b[01;35m\x1b[Kconvert\x1b[m\x1b[K(const sl_lidar_response_measurement_node_hq_t& from, sl_lidar_response_measurement_node_t& to)\n'}
[22.527205] (sllidar_ros2) StderrLine: {'line': b'      |                 \x1b[01;35m\x1b[K^~~~~~~\x1b[m\x1b[K\n'}
[22.527369] (sllidar_ros2) StderrLine: {'line': b'\x1b[01m\x1b[K/home/raspi/Robots4ChildrenWithDisabilities/ROS2/ros2_ws/src/sllidar_ros2/sdk/src/sl_lidar_driver.cpp:75:17:\x1b[m\x1b[K \x1b[01;35m\x1b[Kwarning: \x1b[m\x1b[K\xe2\x80\x98\x1b[01m\x1b[Kvoid sl::\x1b[01;32m\x1b[Kconvert\x1b[m\x1b[K(const sl_lidar_response_measurement_node_t&, sl_lidar_response_measurement_node_hq_t&)\x1b[m\x1b[K\xe2\x80\x99 defined but not used [\x1b[01;35m\x1b[K\x1b]8;;https://gcc.gnu.org/onlinedocs/gcc/Warning-Options.html#index-Wunused-function\x07-Wunused-function\x1b]8;;\x07\x1b[m\x1b[K]\n'}
[22.527544] (sllidar_ros2) StderrLine: {'line': b'   75 |     static void \x1b[01;35m\x1b[Kconvert\x1b[m\x1b[K(const sl_lidar_response_measurement_node_t& from, sl_lidar_response_measurement_node_hq_t& to)\n'}
[22.527698] (sllidar_ros2) StderrLine: {'line': b'      |                 \x1b[01;35m\x1b[K^~~~~~~\x1b[m\x1b[K\n'}
[22.527848] (sllidar_ros2) StderrLine: {'line': b'\x1b[01m\x1b[K/home/raspi/Robots4ChildrenWithDisabilities/ROS2/ros2_ws/src/sllidar_ros2/sdk/src/sl_lidar_driver.cpp:70:17:\x1b[m\x1b[K \x1b[01;35m\x1b[Kwarning: \x1b[m\x1b[K\xe2\x80\x98\x1b[01m\x1b[Kvoid sl::\x1b[01;32m\x1b[KprintDeprecationWarn\x1b[m\x1b[K(const char*, const char*)\x1b[m\x1b[K\xe2\x80\x99 defined but not used [\x1b[01;35m\x1b[K\x1b]8;;https://gcc.gnu.org/onlinedocs/gcc/Warning-Options.html#index-Wunused-function\x07-Wunused-function\x1b]8;;\x07\x1b[m\x1b[K]\n'}
[22.528009] (sllidar_ros2) StderrLine: {'line': b'   70 |     static void \x1b[01;35m\x1b[KprintDeprecationWarn\x1b[m\x1b[K(const char* fn, const char* replacement)\n'}
[22.528169] (sllidar_ros2) StderrLine: {'line': b'      |                 \x1b[01;35m\x1b[K^~~~~~~~~~~~~~~~~~~~\x1b[m\x1b[K\n'}
[22.605011] (-) TimerEvent: {}
[22.705918] (-) TimerEvent: {}
[22.808726] (-) TimerEvent: {}
[22.909300] (-) TimerEvent: {}
[23.012764] (-) TimerEvent: {}
[23.065643] (nav_module) StdoutLine: {'line': b'[100%] Built target navigator_node\n'}
[23.116067] (-) TimerEvent: {}
[23.137681] (sllidar_ros2) StderrLine: {'line': b'In file included from \x1b[01m\x1b[K/home/raspi/Robots4ChildrenWithDisabilities/ROS2/ros2_ws/src/sllidar_ros2/sdk/src/sl_lidarprotocol_codec.cpp:49\x1b[m\x1b[K:\n'}
[23.140443] (sllidar_ros2) StderrLine: {'line': b'\x1b[01m\x1b[K/home/raspi/Robots4ChildrenWithDisabilities/ROS2/ros2_ws/src/sllidar_ros2/sdk/src/sl_async_transceiver.h:\x1b[m\x1b[K In member function \xe2\x80\x98\x1b[01m\x1b[Kvirtual void sl::internal::IAsyncProtocolCodec::\x1b[01;32m\x1b[KonChannelError\x1b[m\x1b[K(u_result)\x1b[m\x1b[K\xe2\x80\x99:\n'}
[23.140694] (sllidar_ros2) StderrLine: {'line': b'\x1b[01m\x1b[K/home/raspi/Robots4ChildrenWithDisabilities/ROS2/ros2_ws/src/sllidar_ros2/sdk/src/sl_async_transceiver.h:90:48:\x1b[m\x1b[K \x1b[01;35m\x1b[Kwarning: \x1b[m\x1b[Kunused parameter \xe2\x80\x98\x1b[01m\x1b[KerrCode\x1b[m\x1b[K\xe2\x80\x99 [\x1b[01;35m\x1b[K\x1b]8;;https://gcc.gnu.org/onlinedocs/gcc/Warning-Options.html#index-Wunused-parameter\x07-Wunused-parameter\x1b]8;;\x07\x1b[m\x1b[K]\n'}
[23.141856] (sllidar_ros2) StderrLine: {'line': b'   90 |         virtual void   onChannelError(\x1b[01;35m\x1b[Ku_result errCode\x1b[m\x1b[K) {}\n'}
[23.143933] (sllidar_ros2) StderrLine: {'line': b'      |                                       \x1b[01;35m\x1b[K~~~~~~~~~^~~~~~~\x1b[m\x1b[K\n'}
[23.170021] (nav_module) CommandEnded: {'returncode': 0}
[23.174701] (nav_module) JobProgress: {'identifier': 'nav_module', 'progress': 'install'}
[23.176303] (nav_module) Command: {'cmd': ['/usr/bin/cmake', '--install', '/home/raspi/Robots4ChildrenWithDisabilities/ROS2/ros2_ws/build/nav_module'], 'cwd': '/home/raspi/Robots4ChildrenWithDisabilities/ROS2/ros2_ws/build/nav_module', 'env': OrderedDict({'LESSOPEN': '| /usr/bin/lesspipe %s', 'USER': 'raspi', 'SSH_CLIENT': '192.168.137.1 59943 22', 'XDG_SESSION_TYPE': 'tty', 'GIT_ASKPASS': '/home/raspi/.vscode-server/cli/servers/Stable-848b80aeb52026648a8ff9f7c45a9b0a80641e2e/server/extensions/git/dist/askpass.sh', 'SHLVL': '1', 'LD_LIBRARY_PATH': '/opt/ros/jazzy/opt/rviz_ogre_vendor/lib:/opt/ros/jazzy/lib/aarch64-linux-gnu:/opt/ros/jazzy/opt/gz_math_vendor/lib:/opt/ros/jazzy/opt/gz_utils_vendor/lib:/opt/ros/jazzy/opt/gz_cmake_vendor/lib:/opt/ros/jazzy/lib', 'BROWSER': '/home/raspi/.vscode-server/cli/servers/Stable-848b80aeb52026648a8ff9f7c45a9b0a80641e2e/server/bin/helpers/browser.sh', 'HOME': '/home/raspi', 'OLDPWD': '/home/raspi', 'TERM_PROGRAM_VERSION': '1.100.2', 'VSCODE_IPC_HOOK_CLI': '/run/user/1000/vscode-ipc-b1383dd9-a613-44c9-928d-8f6e3dd42d38.sock', 'ROS_PYTHON_VERSION': '3', 'VSCODE_GIT_ASKPASS_MAIN': '/home/raspi/.vscode-server/cli/servers/Stable-848b80aeb52026648a8ff9f7c45a9b0a80641e2e/server/extensions/git/dist/askpass-main.js', 'VSCODE_GIT_ASKPASS_NODE': '/home/raspi/.vscode-server/cli/servers/Stable-848b80aeb52026648a8ff9f7c45a9b0a80641e2e/server/node', 'SSL_CERT_FILE': '/usr/lib/ssl/cert.pem', 'PYDEVD_DISABLE_FILE_VALIDATION': '1', 'BUNDLED_DEBUGPY_PATH': '/home/raspi/.vscode-server/extensions/ms-python.debugpy-2025.8.0-linux-arm64/bundled/libs/debugpy', 'DBUS_SESSION_BUS_ADDRESS': 'unix:path=/run/user/1000/bus', 'COLORTERM': 'truecolor', 'ROS_DISTRO': 'jazzy', 'LOGNAME': 'raspi', '_': '/usr/bin/colcon', 'ROS_VERSION': '2', 'XDG_SESSION_CLASS': 'user', 'TERM': 'xterm-256color', 'XDG_SESSION_ID': '1', 'PATH': '/home/raspi/.vscode-server/cli/servers/Stable-848b80aeb52026648a8ff9f7c45a9b0a80641e2e/server/bin/remote-cli:/home/raspi/.local/bin:/opt/ros/jazzy/bin:/usr/local/sbin:/usr/local/bin:/usr/sbin:/usr/bin:/sbin:/bin:/usr/games:/usr/local/games:/snap/bin:/home/raspi/.local/bin:/home/raspi/.local/bin:/home/raspi/.vscode-server/extensions/ms-python.debugpy-2025.8.0-linux-arm64/bundled/scripts/noConfigScripts:/home/raspi/.vscode-server/data/User/globalStorage/github.copilot-chat/debugCommand:/home/raspi/.local/bin', 'XDG_RUNTIME_DIR': '/run/user/1000', 'SSL_CERT_DIR': '/usr/lib/ssl/certs', 'VSCODE_DEBUGPY_ADAPTER_ENDPOINTS': '/home/raspi/.vscode-server/extensions/ms-python.debugpy-2025.8.0-linux-arm64/.noConfigDebugAdapterEndpoints/endpoint-c5a373403f01ae8b.txt', 'LANG': 'C.UTF-8', 'LS_COLORS': 'rs=0:di=01;34:ln=01;36:mh=00:pi=40;33:so=01;35:do=01;35:bd=40;33;01:cd=40;33;01:or=40;31;01:mi=00:su=37;41:sg=30;43:ca=00:tw=30;42:ow=34;42:st=37;44:ex=01;32:*.tar=01;31:*.tgz=01;31:*.arc=01;31:*.arj=01;31:*.taz=01;31:*.lha=01;31:*.lz4=01;31:*.lzh=01;31:*.lzma=01;31:*.tlz=01;31:*.txz=01;31:*.tzo=01;31:*.t7z=01;31:*.zip=01;31:*.z=01;31:*.dz=01;31:*.gz=01;31:*.lrz=01;31:*.lz=01;31:*.lzo=01;31:*.xz=01;31:*.zst=01;31:*.tzst=01;31:*.bz2=01;31:*.bz=01;31:*.tbz=01;31:*.tbz2=01;31:*.tz=01;31:*.deb=01;31:*.rpm=01;31:*.jar=01;31:*.war=01;31:*.ear=01;31:*.sar=01;31:*.rar=01;31:*.alz=01;31:*.ace=01;31:*.zoo=01;31:*.cpio=01;31:*.7z=01;31:*.rz=01;31:*.cab=01;31:*.wim=01;31:*.swm=01;31:*.dwm=01;31:*.esd=01;31:*.avif=01;35:*.jpg=01;35:*.jpeg=01;35:*.mjpg=01;35:*.mjpeg=01;35:*.gif=01;35:*.bmp=01;35:*.pbm=01;35:*.pgm=01;35:*.ppm=01;35:*.tga=01;35:*.xbm=01;35:*.xpm=01;35:*.tif=01;35:*.tiff=01;35:*.png=01;35:*.svg=01;35:*.svgz=01;35:*.mng=01;35:*.pcx=01;35:*.mov=01;35:*.mpg=01;35:*.mpeg=01;35:*.m2v=01;35:*.mkv=01;35:*.webm=01;35:*.webp=01;35:*.ogm=01;35:*.mp4=01;35:*.m4v=01;35:*.mp4v=01;35:*.vob=01;35:*.qt=01;35:*.nuv=01;35:*.wmv=01;35:*.asf=01;35:*.rm=01;35:*.rmvb=01;35:*.flc=01;35:*.avi=01;35:*.fli=01;35:*.flv=01;35:*.gl=01;35:*.dl=01;35:*.xcf=01;35:*.xwd=01;35:*.yuv=01;35:*.cgm=01;35:*.emf=01;35:*.ogv=01;35:*.ogx=01;35:*.aac=00;36:*.au=00;36:*.flac=00;36:*.m4a=00;36:*.mid=00;36:*.midi=00;36:*.mka=00;36:*.mp3=00;36:*.mpc=00;36:*.ogg=00;36:*.ra=00;36:*.wav=00;36:*.oga=00;36:*.opus=00;36:*.spx=00;36:*.xspf=00;36:*~=00;90:*#=00;90:*.bak=00;90:*.crdownload=00;90:*.dpkg-dist=00;90:*.dpkg-new=00;90:*.dpkg-old=00;90:*.dpkg-tmp=00;90:*.old=00;90:*.orig=00;90:*.part=00;90:*.rej=00;90:*.rpmnew=00;90:*.rpmorig=00;90:*.rpmsave=00;90:*.swp=00;90:*.tmp=00;90:*.ucf-dist=00;90:*.ucf-new=00;90:*.ucf-old=00;90:', 'VSCODE_GIT_IPC_HANDLE': '/run/user/1000/vscode-git-5d39144d8a.sock', 'TERM_PROGRAM': 'vscode', 'AMENT_PREFIX_PATH': '/opt/ros/jazzy', 'SHELL': '/bin/bash', 'LESSCLOSE': '/usr/bin/lesspipe %s %s', 'ROS_AUTOMATIC_DISCOVERY_RANGE': 'SUBNET', 'VSCODE_GIT_ASKPASS_EXTRA_ARGS': '', 'PWD': '/home/raspi/Robots4ChildrenWithDisabilities/ROS2/ros2_ws/build/nav_module', 'SSH_CONNECTION': '192.168.137.1 59943 192.168.137.71 22', 'XDG_DATA_DIRS': '/usr/share/gnome:/usr/local/share:/usr/share:/var/lib/snapd/desktop', 'PYTHONPATH': '/opt/ros/jazzy/lib/python3.12/site-packages', 'COLCON': '1', 'CMAKE_PREFIX_PATH': '/opt/ros/jazzy/opt/gz_math_vendor:/opt/ros/jazzy/opt/gz_utils_vendor:/opt/ros/jazzy/opt/gz_cmake_vendor:/opt/ros/jazzy'}), 'shell': False}
[23.197011] (nav_module) StdoutLine: {'line': b'-- Install configuration: ""\n'}
[23.197487] (nav_module) StdoutLine: {'line': b'-- Installing: /home/raspi/Robots4ChildrenWithDisabilities/ROS2/ros2_ws/install/nav_module/lib/navigator_node\n'}
[23.198820] (nav_module) StdoutLine: {'line': b'-- Set non-toolchain portion of runtime path of "/home/raspi/Robots4ChildrenWithDisabilities/ROS2/ros2_ws/install/nav_module/lib/navigator_node" to ""\n'}
[23.199228] (nav_module) StdoutLine: {'line': b'-- Installing: /home/raspi/Robots4ChildrenWithDisabilities/ROS2/ros2_ws/install/nav_module/share/nav_module/launch\n'}
[23.199493] (nav_module) StdoutLine: {'line': b'-- Installing: /home/raspi/Robots4ChildrenWithDisabilities/ROS2/ros2_ws/install/nav_module/share/nav_module/launch/navigation.launch.py\n'}
[23.199780] (nav_module) StdoutLine: {'line': b'-- Installing: /home/raspi/Robots4ChildrenWithDisabilities/ROS2/ros2_ws/install/nav_module/share/nav_module/config\n'}
[23.200209] (nav_module) StdoutLine: {'line': b'-- Installing: /home/raspi/Robots4ChildrenWithDisabilities/ROS2/ros2_ws/install/nav_module/share/nav_module/config/global_costmap.yaml\n'}
[23.202024] (nav_module) StdoutLine: {'line': b'-- Installing: /home/raspi/Robots4ChildrenWithDisabilities/ROS2/ros2_ws/install/nav_module/share/nav_module/config/amcl.yaml\n'}
[23.202270] (nav_module) StdoutLine: {'line': b'-- Installing: /home/raspi/Robots4ChildrenWithDisabilities/ROS2/ros2_ws/install/nav_module/share/nav_module/config/local_costmap.yaml\n'}
[23.202684] (nav_module) StdoutLine: {'line': b'-- Installing: /home/raspi/Robots4ChildrenWithDisabilities/ROS2/ros2_ws/install/nav_module/share/nav_module/config/costmap_common.yaml\n'}
[23.203486] (nav_module) StdoutLine: {'line': b'-- Installing: /home/raspi/Robots4ChildrenWithDisabilities/ROS2/ros2_ws/install/nav_module/share/nav_module/config/move_base.yaml\n'}
[23.204299] (nav_module) StdoutLine: {'line': b'-- Installing: /home/raspi/Robots4ChildrenWithDisabilities/ROS2/ros2_ws/install/nav_module/share/nav_module/package.xml\n'}
[23.207804] (nav_module) StdoutLine: {'line': b'-- Installing: /home/raspi/Robots4ChildrenWithDisabilities/ROS2/ros2_ws/install/nav_module/share/ament_index/resource_index/package_run_dependencies/nav_module\n'}
[23.208203] (nav_module) StdoutLine: {'line': b'-- Installing: /home/raspi/Robots4ChildrenWithDisabilities/ROS2/ros2_ws/install/nav_module/share/ament_index/resource_index/parent_prefix_path/nav_module\n'}
[23.208374] (nav_module) StdoutLine: {'line': b'-- Installing: /home/raspi/Robots4ChildrenWithDisabilities/ROS2/ros2_ws/install/nav_module/share/nav_module/environment/ament_prefix_path.sh\n'}
[23.208530] (nav_module) StdoutLine: {'line': b'-- Installing: /home/raspi/Robots4ChildrenWithDisabilities/ROS2/ros2_ws/install/nav_module/share/nav_module/environment/ament_prefix_path.dsv\n'}
[23.208645] (nav_module) StdoutLine: {'line': b'-- Installing: /home/raspi/Robots4ChildrenWithDisabilities/ROS2/ros2_ws/install/nav_module/share/nav_module/environment/path.sh\n'}
[23.208847] (nav_module) StdoutLine: {'line': b'-- Installing: /home/raspi/Robots4ChildrenWithDisabilities/ROS2/ros2_ws/install/nav_module/share/nav_module/environment/path.dsv\n'}
[23.209056] (nav_module) StdoutLine: {'line': b'-- Installing: /home/raspi/Robots4ChildrenWithDisabilities/ROS2/ros2_ws/install/nav_module/share/nav_module/local_setup.bash\n'}
[23.209205] (nav_module) StdoutLine: {'line': b'-- Installing: /home/raspi/Robots4ChildrenWithDisabilities/ROS2/ros2_ws/install/nav_module/share/nav_module/local_setup.sh\n'}
[23.209393] (nav_module) StdoutLine: {'line': b'-- Installing: /home/raspi/Robots4ChildrenWithDisabilities/ROS2/ros2_ws/install/nav_module/share/nav_module/local_setup.zsh\n'}
[23.209524] (nav_module) StdoutLine: {'line': b'-- Installing: /home/raspi/Robots4ChildrenWithDisabilities/ROS2/ros2_ws/install/nav_module/share/nav_module/local_setup.dsv\n'}
[23.211227] (nav_module) StdoutLine: {'line': b'-- Installing: /home/raspi/Robots4ChildrenWithDisabilities/ROS2/ros2_ws/install/nav_module/share/nav_module/package.dsv\n'}
[23.216077] (-) TimerEvent: {}
[23.216327] (nav_module) StdoutLine: {'line': b'-- Installing: /home/raspi/Robots4ChildrenWithDisabilities/ROS2/ros2_ws/install/nav_module/share/ament_index/resource_index/packages/nav_module\n'}
[23.216557] (nav_module) StdoutLine: {'line': b'-- Installing: /home/raspi/Robots4ChildrenWithDisabilities/ROS2/ros2_ws/install/nav_module/share/nav_module/cmake/nav_moduleConfig.cmake\n'}
[23.216777] (nav_module) StdoutLine: {'line': b'-- Installing: /home/raspi/Robots4ChildrenWithDisabilities/ROS2/ros2_ws/install/nav_module/share/nav_module/cmake/nav_moduleConfig-version.cmake\n'}
[23.216948] (nav_module) StdoutLine: {'line': b'-- Up-to-date: /home/raspi/Robots4ChildrenWithDisabilities/ROS2/ros2_ws/install/nav_module/share/nav_module/package.xml\n'}
[23.223793] (nav_module) CommandEnded: {'returncode': 0}
[23.316622] (-) TimerEvent: {}
[23.323521] (nav_module) JobEnded: {'identifier': 'nav_module', 'rc': 0}
[23.417062] (-) TimerEvent: {}
[23.519795] (-) TimerEvent: {}
[23.623788] (-) TimerEvent: {}
[23.724388] (-) TimerEvent: {}
[23.736930] (sllidar_ros2) StdoutLine: {'line': b'[ 80%] \x1b[32mBuilding CXX object CMakeFiles/sllidar_node.dir/sdk/src/sl_serial_channel.cpp.o\x1b[0m\n'}
[23.824495] (-) TimerEvent: {}
[23.925074] (-) TimerEvent: {}
[24.027142] (-) TimerEvent: {}
[24.128976] (-) TimerEvent: {}
[24.213888] (sllidar_ros2) StdoutLine: {'line': b'[ 85%] \x1b[32mBuilding CXX object CMakeFiles/sllidar_node.dir/sdk/src/sl_tcp_channel.cpp.o\x1b[0m\n'}
[24.231817] (-) TimerEvent: {}
[24.332382] (-) TimerEvent: {}
[24.432975] (-) TimerEvent: {}
[24.490120] (sllidar_ros2) StdoutLine: {'line': b'[ 90%] \x1b[32mBuilding CXX object CMakeFiles/sllidar_node.dir/sdk/src/sl_udp_channel.cpp.o\x1b[0m\n'}
[24.533117] (-) TimerEvent: {}
[24.634494] (-) TimerEvent: {}
[24.682964] (sllidar_ros2) StderrLine: {'line': b'In file included from \x1b[01m\x1b[K/home/raspi/Robots4ChildrenWithDisabilities/ROS2/ros2_ws/src/sllidar_ros2/./sdk/include/sl_lidar_cmd.h:41\x1b[m\x1b[K,\n'}
[24.683391] (sllidar_ros2) StderrLine: {'line': b'                 from \x1b[01m\x1b[K/home/raspi/Robots4ChildrenWithDisabilities/ROS2/ros2_ws/src/sllidar_ros2/./sdk/include/sl_lidar_driver.h:54\x1b[m\x1b[K,\n'}
[24.683591] (sllidar_ros2) StderrLine: {'line': b'                 from \x1b[01m\x1b[K/home/raspi/Robots4ChildrenWithDisabilities/ROS2/ros2_ws/src/sllidar_ros2/sdk/src/sl_serial_channel.cpp:33\x1b[m\x1b[K:\n'}
[24.683796] (sllidar_ros2) StderrLine: {'line': b'\x1b[01m\x1b[K/home/raspi/Robots4ChildrenWithDisabilities/ROS2/ros2_ws/src/sllidar_ros2/./sdk/include/sl_lidar_protocol.h:66:16:\x1b[m\x1b[K \x1b[01;35m\x1b[Kwarning: \x1b[m\x1b[KISO C++ forbids zero-size array \xe2\x80\x98\x1b[01m\x1b[Kdata\x1b[m\x1b[K\xe2\x80\x99 [\x1b[01;35m\x1b[K\x1b]8;;https://gcc.gnu.org/onlinedocs/gcc/Warning-Options.html#index-Wpedantic\x07-Wpedantic\x1b]8;;\x07\x1b[m\x1b[K]\n'}
[24.685586] (sllidar_ros2) StderrLine: {'line': b'   66 |     sl_u8 data[\x1b[01;35m\x1b[K0\x1b[m\x1b[K];\n'}
[24.685879] (sllidar_ros2) StderrLine: {'line': b'      |                \x1b[01;35m\x1b[K^\x1b[m\x1b[K\n'}
[24.686019] (sllidar_ros2) StderrLine: {'line': b'\x1b[01m\x1b[K/home/raspi/Robots4ChildrenWithDisabilities/ROS2/ros2_ws/src/sllidar_ros2/./sdk/include/sl_lidar_cmd.h:324:20:\x1b[m\x1b[K \x1b[01;35m\x1b[Kwarning: \x1b[m\x1b[KISO C++ forbids zero-size array \xe2\x80\x98\x1b[01m\x1b[Kpayload\x1b[m\x1b[K\xe2\x80\x99 [\x1b[01;35m\x1b[K\x1b]8;;https://gcc.gnu.org/onlinedocs/gcc/Warning-Options.html#index-Wpedantic\x07-Wpedantic\x1b]8;;\x07\x1b[m\x1b[K]\n'}
[24.686216] (sllidar_ros2) StderrLine: {'line': b'  324 |     sl_u8  payload[\x1b[01;35m\x1b[K0\x1b[m\x1b[K];\n'}
[24.686375] (sllidar_ros2) StderrLine: {'line': b'      |                    \x1b[01;35m\x1b[K^\x1b[m\x1b[K\n'}
[24.736124] (-) TimerEvent: {}
[24.837250] (-) TimerEvent: {}
[24.939003] (-) TimerEvent: {}
[24.996706] (sllidar_ros2) StderrLine: {'line': b'In file included from \x1b[01m\x1b[K/home/raspi/Robots4ChildrenWithDisabilities/ROS2/ros2_ws/src/sllidar_ros2/./sdk/include/sl_lidar_cmd.h:41\x1b[m\x1b[K,\n'}
[24.997040] (sllidar_ros2) StderrLine: {'line': b'                 from \x1b[01m\x1b[K/home/raspi/Robots4ChildrenWithDisabilities/ROS2/ros2_ws/src/sllidar_ros2/./sdk/include/sl_lidar_driver.h:54\x1b[m\x1b[K,\n'}
[24.997175] (sllidar_ros2) StderrLine: {'line': b'                 from \x1b[01m\x1b[K/home/raspi/Robots4ChildrenWithDisabilities/ROS2/ros2_ws/src/sllidar_ros2/sdk/src/sl_tcp_channel.cpp:33\x1b[m\x1b[K:\n'}
[24.997292] (sllidar_ros2) StderrLine: {'line': b'\x1b[01m\x1b[K/home/raspi/Robots4ChildrenWithDisabilities/ROS2/ros2_ws/src/sllidar_ros2/./sdk/include/sl_lidar_protocol.h:66:16:\x1b[m\x1b[K \x1b[01;35m\x1b[Kwarning: \x1b[m\x1b[KISO C++ forbids zero-size array \xe2\x80\x98\x1b[01m\x1b[Kdata\x1b[m\x1b[K\xe2\x80\x99 [\x1b[01;35m\x1b[K\x1b]8;;https://gcc.gnu.org/onlinedocs/gcc/Warning-Options.html#index-Wpedantic\x07-Wpedantic\x1b]8;;\x07\x1b[m\x1b[K]\n'}
[24.997422] (sllidar_ros2) StderrLine: {'line': b'   66 |     sl_u8 data[\x1b[01;35m\x1b[K0\x1b[m\x1b[K];\n'}
[24.998993] (sllidar_ros2) StderrLine: {'line': b'      |                \x1b[01;35m\x1b[K^\x1b[m\x1b[K\n'}
[24.999316] (sllidar_ros2) StderrLine: {'line': b'\x1b[01m\x1b[K/home/raspi/Robots4ChildrenWithDisabilities/ROS2/ros2_ws/src/sllidar_ros2/./sdk/include/sl_lidar_cmd.h:324:20:\x1b[m\x1b[K \x1b[01;35m\x1b[Kwarning: \x1b[m\x1b[KISO C++ forbids zero-size array \xe2\x80\x98\x1b[01m\x1b[Kpayload\x1b[m\x1b[K\xe2\x80\x99 [\x1b[01;35m\x1b[K\x1b]8;;https://gcc.gnu.org/onlinedocs/gcc/Warning-Options.html#index-Wpedantic\x07-Wpedantic\x1b]8;;\x07\x1b[m\x1b[K]\n'}
[24.999508] (sllidar_ros2) StderrLine: {'line': b'  324 |     sl_u8  payload[\x1b[01;35m\x1b[K0\x1b[m\x1b[K];\n'}
[24.999623] (sllidar_ros2) StderrLine: {'line': b'      |                    \x1b[01;35m\x1b[K^\x1b[m\x1b[K\n'}
[25.006838] (sllidar_ros2) StderrLine: {'line': b'\x1b[01m\x1b[K/home/raspi/Robots4ChildrenWithDisabilities/ROS2/ros2_ws/src/sllidar_ros2/sdk/src/sl_tcp_channel.cpp:\x1b[m\x1b[K In member function \xe2\x80\x98\x1b[01m\x1b[Kvoid sl::TcpChannel::\x1b[01;32m\x1b[KsetStatus\x1b[m\x1b[K(_u32)\x1b[m\x1b[K\xe2\x80\x99:\n'}
[25.007193] (sllidar_ros2) StderrLine: {'line': b'\x1b[01m\x1b[K/home/raspi/Robots4ChildrenWithDisabilities/ROS2/ros2_ws/src/sllidar_ros2/sdk/src/sl_tcp_channel.cpp:109:29:\x1b[m\x1b[K \x1b[01;35m\x1b[Kwarning: \x1b[m\x1b[Kunused parameter \xe2\x80\x98\x1b[01m\x1b[Kflag\x1b[m\x1b[K\xe2\x80\x99 [\x1b[01;35m\x1b[K\x1b]8;;https://gcc.gnu.org/onlinedocs/gcc/Warning-Options.html#index-Wunused-parameter\x07-Wunused-parameter\x1b]8;;\x07\x1b[m\x1b[K]\n'}
[25.007332] (sllidar_ros2) StderrLine: {'line': b'  109 |         void setStatus(\x1b[01;35m\x1b[K_u32 flag\x1b[m\x1b[K){}\n'}
[25.007446] (sllidar_ros2) StderrLine: {'line': b'      |                        \x1b[01;35m\x1b[K~~~~~^~~~\x1b[m\x1b[K\n'}
[25.039110] (-) TimerEvent: {}
[25.140253] (-) TimerEvent: {}
[25.238340] (sllidar_ros2) StderrLine: {'line': b'In file included from \x1b[01m\x1b[K/home/raspi/Robots4ChildrenWithDisabilities/ROS2/ros2_ws/src/sllidar_ros2/./sdk/include/sl_lidar_cmd.h:41\x1b[m\x1b[K,\n'}
[25.238698] (sllidar_ros2) StderrLine: {'line': b'                 from \x1b[01m\x1b[K/home/raspi/Robots4ChildrenWithDisabilities/ROS2/ros2_ws/src/sllidar_ros2/./sdk/include/sl_lidar_driver.h:54\x1b[m\x1b[K,\n'}
[25.238844] (sllidar_ros2) StderrLine: {'line': b'                 from \x1b[01m\x1b[K/home/raspi/Robots4ChildrenWithDisabilities/ROS2/ros2_ws/src/sllidar_ros2/sdk/src/sl_udp_channel.cpp:33\x1b[m\x1b[K:\n'}
[25.238987] (sllidar_ros2) StderrLine: {'line': b'\x1b[01m\x1b[K/home/raspi/Robots4ChildrenWithDisabilities/ROS2/ros2_ws/src/sllidar_ros2/./sdk/include/sl_lidar_protocol.h:66:16:\x1b[m\x1b[K \x1b[01;35m\x1b[Kwarning: \x1b[m\x1b[KISO C++ forbids zero-size array \xe2\x80\x98\x1b[01m\x1b[Kdata\x1b[m\x1b[K\xe2\x80\x99 [\x1b[01;35m\x1b[K\x1b]8;;https://gcc.gnu.org/onlinedocs/gcc/Warning-Options.html#index-Wpedantic\x07-Wpedantic\x1b]8;;\x07\x1b[m\x1b[K]\n'}
[25.239198] (sllidar_ros2) StderrLine: {'line': b'   66 |     sl_u8 data[\x1b[01;35m\x1b[K0\x1b[m\x1b[K];\n'}
[25.239317] (sllidar_ros2) StderrLine: {'line': b'      |                \x1b[01;35m\x1b[K^\x1b[m\x1b[K\n'}
[25.239506] (sllidar_ros2) StderrLine: {'line': b'\x1b[01m\x1b[K/home/raspi/Robots4ChildrenWithDisabilities/ROS2/ros2_ws/src/sllidar_ros2/./sdk/include/sl_lidar_cmd.h:324:20:\x1b[m\x1b[K \x1b[01;35m\x1b[Kwarning: \x1b[m\x1b[KISO C++ forbids zero-size array \xe2\x80\x98\x1b[01m\x1b[Kpayload\x1b[m\x1b[K\xe2\x80\x99 [\x1b[01;35m\x1b[K\x1b]8;;https://gcc.gnu.org/onlinedocs/gcc/Warning-Options.html#index-Wpedantic\x07-Wpedantic\x1b]8;;\x07\x1b[m\x1b[K]\n'}
[25.239861] (sllidar_ros2) StderrLine: {'line': b'  324 |     sl_u8  payload[\x1b[01;35m\x1b[K0\x1b[m\x1b[K];\n'}
[25.240009] (sllidar_ros2) StderrLine: {'line': b'      |                    \x1b[01;35m\x1b[K^\x1b[m\x1b[K\n'}
[25.240321] (-) TimerEvent: {}
[25.245706] (sllidar_ros2) StderrLine: {'line': b'\x1b[01m\x1b[K/home/raspi/Robots4ChildrenWithDisabilities/ROS2/ros2_ws/src/sllidar_ros2/sdk/src/sl_udp_channel.cpp:\x1b[m\x1b[K In member function \xe2\x80\x98\x1b[01m\x1b[Kvoid sl::UdpChannel::\x1b[01;32m\x1b[KsetStatus\x1b[m\x1b[K(_u32)\x1b[m\x1b[K\xe2\x80\x99:\n'}
[25.246031] (sllidar_ros2) StderrLine: {'line': b'\x1b[01m\x1b[K/home/raspi/Robots4ChildrenWithDisabilities/ROS2/ros2_ws/src/sllidar_ros2/sdk/src/sl_udp_channel.cpp:112:29:\x1b[m\x1b[K \x1b[01;35m\x1b[Kwarning: \x1b[m\x1b[Kunused parameter \xe2\x80\x98\x1b[01m\x1b[Kflag\x1b[m\x1b[K\xe2\x80\x99 [\x1b[01;35m\x1b[K\x1b]8;;https://gcc.gnu.org/onlinedocs/gcc/Warning-Options.html#index-Wunused-parameter\x07-Wunused-parameter\x1b]8;;\x07\x1b[m\x1b[K]\n'}
[25.246171] (sllidar_ros2) StderrLine: {'line': b'  112 |         void setStatus(\x1b[01;35m\x1b[K_u32 flag\x1b[m\x1b[K){}\n'}
[25.246277] (sllidar_ros2) StderrLine: {'line': b'      |                        \x1b[01;35m\x1b[K~~~~~^~~~\x1b[m\x1b[K\n'}
[25.340494] (-) TimerEvent: {}
[25.365221] (sllidar_ros2) StdoutLine: {'line': b'[ 95%] \x1b[32m\x1b[1mLinking CXX executable sllidar_node\x1b[0m\n'}
[25.440818] (-) TimerEvent: {}
[25.541404] (-) TimerEvent: {}
[25.642409] (-) TimerEvent: {}
[25.744913] (-) TimerEvent: {}
[25.848114] (-) TimerEvent: {}
[25.948694] (-) TimerEvent: {}
[26.051164] (-) TimerEvent: {}
[26.152142] (-) TimerEvent: {}
[26.181856] (sllidar_ros2) StdoutLine: {'line': b'[ 95%] Built target sllidar_node\n'}
[26.252259] (-) TimerEvent: {}
[26.353507] (-) TimerEvent: {}
[26.454134] (-) TimerEvent: {}
[26.554468] (-) TimerEvent: {}
[26.654823] (-) TimerEvent: {}
[26.755181] (-) TimerEvent: {}
[26.855603] (-) TimerEvent: {}
[26.956133] (-) TimerEvent: {}
[27.057161] (-) TimerEvent: {}
[27.157599] (-) TimerEvent: {}
[27.257975] (-) TimerEvent: {}
[27.358685] (-) TimerEvent: {}
[27.459215] (-) TimerEvent: {}
[27.559583] (-) TimerEvent: {}
[27.659957] (-) TimerEvent: {}
[27.760369] (-) TimerEvent: {}
[27.862109] (-) TimerEvent: {}
[27.963133] (-) TimerEvent: {}
[28.063501] (-) TimerEvent: {}
[28.163910] (-) TimerEvent: {}
[28.264298] (-) TimerEvent: {}
[28.364850] (-) TimerEvent: {}
[28.465762] (-) TimerEvent: {}
[28.566102] (-) TimerEvent: {}
[28.666443] (-) TimerEvent: {}
[28.766779] (-) TimerEvent: {}
[28.867117] (-) TimerEvent: {}
[28.967485] (-) TimerEvent: {}
[29.067964] (-) TimerEvent: {}
[29.168649] (-) TimerEvent: {}
[29.269105] (-) TimerEvent: {}
[29.369427] (-) TimerEvent: {}
[29.469755] (-) TimerEvent: {}
[29.570118] (-) TimerEvent: {}
[29.670502] (-) TimerEvent: {}
[29.770889] (-) TimerEvent: {}
[29.871317] (-) TimerEvent: {}
[29.972009] (-) TimerEvent: {}
[30.072350] (-) TimerEvent: {}
[30.172693] (-) TimerEvent: {}
[30.273031] (-) TimerEvent: {}
[30.373426] (-) TimerEvent: {}
[30.473788] (-) TimerEvent: {}
[30.574726] (-) TimerEvent: {}
[30.675106] (-) TimerEvent: {}
[30.775438] (-) TimerEvent: {}
[30.875771] (-) TimerEvent: {}
[30.976096] (-) TimerEvent: {}
[31.076754] (-) TimerEvent: {}
[31.177123] (-) TimerEvent: {}
[31.278601] (-) TimerEvent: {}
[31.378974] (-) TimerEvent: {}
[31.479310] (-) TimerEvent: {}
[31.579655] (-) TimerEvent: {}
[31.679975] (-) TimerEvent: {}
[31.780716] (-) TimerEvent: {}
[31.883782] (-) TimerEvent: {}
[31.984324] (-) TimerEvent: {}
[32.084819] (-) TimerEvent: {}
[32.185347] (-) TimerEvent: {}
[32.285700] (-) TimerEvent: {}
[32.386076] (-) TimerEvent: {}
[32.486520] (-) TimerEvent: {}
[32.586954] (-) TimerEvent: {}
[32.687427] (-) TimerEvent: {}
[32.788013] (-) TimerEvent: {}
[32.888915] (-) TimerEvent: {}
[32.989314] (-) TimerEvent: {}
[33.089821] (-) TimerEvent: {}
[33.190229] (-) TimerEvent: {}
[33.290971] (-) TimerEvent: {}
[33.392726] (-) TimerEvent: {}
[33.494250] (-) TimerEvent: {}
[33.594647] (-) TimerEvent: {}
[33.695042] (-) TimerEvent: {}
[33.716873] (sllidar_ros2) StdoutLine: {'line': b'[100%] \x1b[32m\x1b[1mLinking CXX executable sllidar_client\x1b[0m\n'}
[33.795188] (-) TimerEvent: {}
[33.895957] (-) TimerEvent: {}
[33.997036] (-) TimerEvent: {}
[34.097935] (-) TimerEvent: {}
[34.198658] (-) TimerEvent: {}
[34.299102] (-) TimerEvent: {}
[34.399886] (-) TimerEvent: {}
[34.500541] (-) TimerEvent: {}
[34.530406] (sllidar_ros2) StdoutLine: {'line': b'[100%] Built target sllidar_client\n'}
[34.555084] (sllidar_ros2) CommandEnded: {'returncode': 0}
[34.555947] (sllidar_ros2) JobProgress: {'identifier': 'sllidar_ros2', 'progress': 'install'}
[34.556279] (sllidar_ros2) Command: {'cmd': ['/usr/bin/cmake', '--install', '/home/raspi/Robots4ChildrenWithDisabilities/ROS2/ros2_ws/build/sllidar_ros2'], 'cwd': '/home/raspi/Robots4ChildrenWithDisabilities/ROS2/ros2_ws/build/sllidar_ros2', 'env': OrderedDict({'LESSOPEN': '| /usr/bin/lesspipe %s', 'USER': 'raspi', 'SSH_CLIENT': '192.168.137.1 59943 22', 'XDG_SESSION_TYPE': 'tty', 'GIT_ASKPASS': '/home/raspi/.vscode-server/cli/servers/Stable-848b80aeb52026648a8ff9f7c45a9b0a80641e2e/server/extensions/git/dist/askpass.sh', 'SHLVL': '1', 'LD_LIBRARY_PATH': '/opt/ros/jazzy/opt/rviz_ogre_vendor/lib:/opt/ros/jazzy/lib/aarch64-linux-gnu:/opt/ros/jazzy/opt/gz_math_vendor/lib:/opt/ros/jazzy/opt/gz_utils_vendor/lib:/opt/ros/jazzy/opt/gz_cmake_vendor/lib:/opt/ros/jazzy/lib', 'BROWSER': '/home/raspi/.vscode-server/cli/servers/Stable-848b80aeb52026648a8ff9f7c45a9b0a80641e2e/server/bin/helpers/browser.sh', 'HOME': '/home/raspi', 'OLDPWD': '/home/raspi', 'TERM_PROGRAM_VERSION': '1.100.2', 'VSCODE_IPC_HOOK_CLI': '/run/user/1000/vscode-ipc-b1383dd9-a613-44c9-928d-8f6e3dd42d38.sock', 'ROS_PYTHON_VERSION': '3', 'VSCODE_GIT_ASKPASS_MAIN': '/home/raspi/.vscode-server/cli/servers/Stable-848b80aeb52026648a8ff9f7c45a9b0a80641e2e/server/extensions/git/dist/askpass-main.js', 'VSCODE_GIT_ASKPASS_NODE': '/home/raspi/.vscode-server/cli/servers/Stable-848b80aeb52026648a8ff9f7c45a9b0a80641e2e/server/node', 'SSL_CERT_FILE': '/usr/lib/ssl/cert.pem', 'PYDEVD_DISABLE_FILE_VALIDATION': '1', 'BUNDLED_DEBUGPY_PATH': '/home/raspi/.vscode-server/extensions/ms-python.debugpy-2025.8.0-linux-arm64/bundled/libs/debugpy', 'DBUS_SESSION_BUS_ADDRESS': 'unix:path=/run/user/1000/bus', 'COLORTERM': 'truecolor', 'ROS_DISTRO': 'jazzy', 'LOGNAME': 'raspi', '_': '/usr/bin/colcon', 'ROS_VERSION': '2', 'XDG_SESSION_CLASS': 'user', 'TERM': 'xterm-256color', 'XDG_SESSION_ID': '1', 'PATH': '/home/raspi/.vscode-server/cli/servers/Stable-848b80aeb52026648a8ff9f7c45a9b0a80641e2e/server/bin/remote-cli:/home/raspi/.local/bin:/opt/ros/jazzy/bin:/usr/local/sbin:/usr/local/bin:/usr/sbin:/usr/bin:/sbin:/bin:/usr/games:/usr/local/games:/snap/bin:/home/raspi/.local/bin:/home/raspi/.local/bin:/home/raspi/.vscode-server/extensions/ms-python.debugpy-2025.8.0-linux-arm64/bundled/scripts/noConfigScripts:/home/raspi/.vscode-server/data/User/globalStorage/github.copilot-chat/debugCommand:/home/raspi/.local/bin', 'XDG_RUNTIME_DIR': '/run/user/1000', 'SSL_CERT_DIR': '/usr/lib/ssl/certs', 'VSCODE_DEBUGPY_ADAPTER_ENDPOINTS': '/home/raspi/.vscode-server/extensions/ms-python.debugpy-2025.8.0-linux-arm64/.noConfigDebugAdapterEndpoints/endpoint-c5a373403f01ae8b.txt', 'LANG': 'C.UTF-8', 'LS_COLORS': 'rs=0:di=01;34:ln=01;36:mh=00:pi=40;33:so=01;35:do=01;35:bd=40;33;01:cd=40;33;01:or=40;31;01:mi=00:su=37;41:sg=30;43:ca=00:tw=30;42:ow=34;42:st=37;44:ex=01;32:*.tar=01;31:*.tgz=01;31:*.arc=01;31:*.arj=01;31:*.taz=01;31:*.lha=01;31:*.lz4=01;31:*.lzh=01;31:*.lzma=01;31:*.tlz=01;31:*.txz=01;31:*.tzo=01;31:*.t7z=01;31:*.zip=01;31:*.z=01;31:*.dz=01;31:*.gz=01;31:*.lrz=01;31:*.lz=01;31:*.lzo=01;31:*.xz=01;31:*.zst=01;31:*.tzst=01;31:*.bz2=01;31:*.bz=01;31:*.tbz=01;31:*.tbz2=01;31:*.tz=01;31:*.deb=01;31:*.rpm=01;31:*.jar=01;31:*.war=01;31:*.ear=01;31:*.sar=01;31:*.rar=01;31:*.alz=01;31:*.ace=01;31:*.zoo=01;31:*.cpio=01;31:*.7z=01;31:*.rz=01;31:*.cab=01;31:*.wim=01;31:*.swm=01;31:*.dwm=01;31:*.esd=01;31:*.avif=01;35:*.jpg=01;35:*.jpeg=01;35:*.mjpg=01;35:*.mjpeg=01;35:*.gif=01;35:*.bmp=01;35:*.pbm=01;35:*.pgm=01;35:*.ppm=01;35:*.tga=01;35:*.xbm=01;35:*.xpm=01;35:*.tif=01;35:*.tiff=01;35:*.png=01;35:*.svg=01;35:*.svgz=01;35:*.mng=01;35:*.pcx=01;35:*.mov=01;35:*.mpg=01;35:*.mpeg=01;35:*.m2v=01;35:*.mkv=01;35:*.webm=01;35:*.webp=01;35:*.ogm=01;35:*.mp4=01;35:*.m4v=01;35:*.mp4v=01;35:*.vob=01;35:*.qt=01;35:*.nuv=01;35:*.wmv=01;35:*.asf=01;35:*.rm=01;35:*.rmvb=01;35:*.flc=01;35:*.avi=01;35:*.fli=01;35:*.flv=01;35:*.gl=01;35:*.dl=01;35:*.xcf=01;35:*.xwd=01;35:*.yuv=01;35:*.cgm=01;35:*.emf=01;35:*.ogv=01;35:*.ogx=01;35:*.aac=00;36:*.au=00;36:*.flac=00;36:*.m4a=00;36:*.mid=00;36:*.midi=00;36:*.mka=00;36:*.mp3=00;36:*.mpc=00;36:*.ogg=00;36:*.ra=00;36:*.wav=00;36:*.oga=00;36:*.opus=00;36:*.spx=00;36:*.xspf=00;36:*~=00;90:*#=00;90:*.bak=00;90:*.crdownload=00;90:*.dpkg-dist=00;90:*.dpkg-new=00;90:*.dpkg-old=00;90:*.dpkg-tmp=00;90:*.old=00;90:*.orig=00;90:*.part=00;90:*.rej=00;90:*.rpmnew=00;90:*.rpmorig=00;90:*.rpmsave=00;90:*.swp=00;90:*.tmp=00;90:*.ucf-dist=00;90:*.ucf-new=00;90:*.ucf-old=00;90:', 'VSCODE_GIT_IPC_HANDLE': '/run/user/1000/vscode-git-5d39144d8a.sock', 'TERM_PROGRAM': 'vscode', 'AMENT_PREFIX_PATH': '/opt/ros/jazzy', 'SHELL': '/bin/bash', 'LESSCLOSE': '/usr/bin/lesspipe %s %s', 'ROS_AUTOMATIC_DISCOVERY_RANGE': 'SUBNET', 'VSCODE_GIT_ASKPASS_EXTRA_ARGS': '', 'PWD': '/home/raspi/Robots4ChildrenWithDisabilities/ROS2/ros2_ws/build/sllidar_ros2', 'SSH_CONNECTION': '192.168.137.1 59943 192.168.137.71 22', 'XDG_DATA_DIRS': '/usr/share/gnome:/usr/local/share:/usr/share:/var/lib/snapd/desktop', 'PYTHONPATH': '/opt/ros/jazzy/lib/python3.12/site-packages', 'COLCON': '1', 'CMAKE_PREFIX_PATH': '/opt/ros/jazzy/opt/gz_math_vendor:/opt/ros/jazzy/opt/gz_utils_vendor:/opt/ros/jazzy/opt/gz_cmake_vendor:/opt/ros/jazzy'}), 'shell': False}
[34.571634] (sllidar_ros2) StdoutLine: {'line': b'-- Install configuration: ""\n'}
[34.572069] (sllidar_ros2) StdoutLine: {'line': b'-- Installing: /home/raspi/Robots4ChildrenWithDisabilities/ROS2/ros2_ws/install/sllidar_ros2/share/sllidar_ros2/launch\n'}
[34.572293] (sllidar_ros2) StdoutLine: {'line': b'-- Installing: /home/raspi/Robots4ChildrenWithDisabilities/ROS2/ros2_ws/install/sllidar_ros2/share/sllidar_ros2/launch/sllidar_a2m12_launch .py\n'}
[34.573491] (sllidar_ros2) StdoutLine: {'line': b'-- Installing: /home/raspi/Robots4ChildrenWithDisabilities/ROS2/ros2_ws/install/sllidar_ros2/share/sllidar_ros2/launch/sllidar_s2e_launch.py\n'}
[34.574235] (sllidar_ros2) StdoutLine: {'line': b'-- Installing: /home/raspi/Robots4ChildrenWithDisabilities/ROS2/ros2_ws/install/sllidar_ros2/share/sllidar_ros2/launch/sllidar_t1_launch.py\n'}
[34.574428] (sllidar_ros2) StdoutLine: {'line': b'-- Installing: /home/raspi/Robots4ChildrenWithDisabilities/ROS2/ros2_ws/install/sllidar_ros2/share/sllidar_ros2/launch/view_sllidar_a1_launch.py\n'}
[34.574817] (sllidar_ros2) StdoutLine: {'line': b'-- Installing: /home/raspi/Robots4ChildrenWithDisabilities/ROS2/ros2_ws/install/sllidar_ros2/share/sllidar_ros2/launch/view_sllidar_s1_tcp_launch.py\n'}
[34.575101] (sllidar_ros2) StdoutLine: {'line': b'-- Installing: /home/raspi/Robots4ChildrenWithDisabilities/ROS2/ros2_ws/install/sllidar_ros2/share/sllidar_ros2/launch/view_sllidar_s2e_launch.py\n'}
[34.575388] (sllidar_ros2) StdoutLine: {'line': b'-- Installing: /home/raspi/Robots4ChildrenWithDisabilities/ROS2/ros2_ws/install/sllidar_ros2/share/sllidar_ros2/launch/view_sllidar_a2m12_launch.py\n'}
[34.575491] (sllidar_ros2) StdoutLine: {'line': b'-- Installing: /home/raspi/Robots4ChildrenWithDisabilities/ROS2/ros2_ws/install/sllidar_ros2/share/sllidar_ros2/launch/sllidar_a1_launch.py\n'}
[34.575573] (sllidar_ros2) StdoutLine: {'line': b'-- Installing: /home/raspi/Robots4ChildrenWithDisabilities/ROS2/ros2_ws/install/sllidar_ros2/share/sllidar_ros2/launch/sllidar_s3_launch.py\n'}
[34.575650] (sllidar_ros2) StdoutLine: {'line': b'-- Installing: /home/raspi/Robots4ChildrenWithDisabilities/ROS2/ros2_ws/install/sllidar_ros2/share/sllidar_ros2/launch/sllidar_a2m7_launch.py\n'}
[34.575846] (sllidar_ros2) StdoutLine: {'line': b'-- Installing: /home/raspi/Robots4ChildrenWithDisabilities/ROS2/ros2_ws/install/sllidar_ros2/share/sllidar_ros2/launch/view_sllidar_a2m7_launch.py\n'}
[34.576038] (sllidar_ros2) StdoutLine: {'line': b'-- Installing: /home/raspi/Robots4ChildrenWithDisabilities/ROS2/ros2_ws/install/sllidar_ros2/share/sllidar_ros2/launch/view_sllidar_a2m8_launch.py\n'}
[34.576167] (sllidar_ros2) StdoutLine: {'line': b'-- Installing: /home/raspi/Robots4ChildrenWithDisabilities/ROS2/ros2_ws/install/sllidar_ros2/share/sllidar_ros2/launch/view_sllidar_s3_launch.py\n'}
[34.576256] (sllidar_ros2) StdoutLine: {'line': b'-- Installing: /home/raspi/Robots4ChildrenWithDisabilities/ROS2/ros2_ws/install/sllidar_ros2/share/sllidar_ros2/launch/sllidar_a3_launch.py\n'}
[34.576388] (sllidar_ros2) StdoutLine: {'line': b'-- Installing: /home/raspi/Robots4ChildrenWithDisabilities/ROS2/ros2_ws/install/sllidar_ros2/share/sllidar_ros2/launch/view_sllidar_t1_launch.py\n'}
[34.576604] (sllidar_ros2) StdoutLine: {'line': b'-- Installing: /home/raspi/Robots4ChildrenWithDisabilities/ROS2/ros2_ws/install/sllidar_ros2/share/sllidar_ros2/launch/view_sllidar_s1_launch.py\n'}
[34.576917] (sllidar_ros2) StdoutLine: {'line': b'-- Installing: /home/raspi/Robots4ChildrenWithDisabilities/ROS2/ros2_ws/install/sllidar_ros2/share/sllidar_ros2/launch/view_sllidar_s2_launch.py\n'}
[34.577296] (sllidar_ros2) StdoutLine: {'line': b'-- Installing: /home/raspi/Robots4ChildrenWithDisabilities/ROS2/ros2_ws/install/sllidar_ros2/share/sllidar_ros2/launch/view_sllidar_a3_launch.py\n'}
[34.577408] (sllidar_ros2) StdoutLine: {'line': b'-- Installing: /home/raspi/Robots4ChildrenWithDisabilities/ROS2/ros2_ws/install/sllidar_ros2/share/sllidar_ros2/launch/sllidar_s1_launch.py\n'}
[34.577564] (sllidar_ros2) StdoutLine: {'line': b'-- Installing: /home/raspi/Robots4ChildrenWithDisabilities/ROS2/ros2_ws/install/sllidar_ros2/share/sllidar_ros2/launch/sllidar_c1_launch.py\n'}
[34.577778] (sllidar_ros2) StdoutLine: {'line': b'-- Installing: /home/raspi/Robots4ChildrenWithDisabilities/ROS2/ros2_ws/install/sllidar_ros2/share/sllidar_ros2/launch/sllidar_s1_tcp_launch.py\n'}
[34.578381] (sllidar_ros2) StdoutLine: {'line': b'-- Installing: /home/raspi/Robots4ChildrenWithDisabilities/ROS2/ros2_ws/install/sllidar_ros2/share/sllidar_ros2/launch/view_sllidar_c1_launch.py\n'}
[34.578611] (sllidar_ros2) StdoutLine: {'line': b'-- Installing: /home/raspi/Robots4ChildrenWithDisabilities/ROS2/ros2_ws/install/sllidar_ros2/share/sllidar_ros2/launch/sllidar_a2m8_launch.py\n'}
[34.578764] (sllidar_ros2) StdoutLine: {'line': b'-- Installing: /home/raspi/Robots4ChildrenWithDisabilities/ROS2/ros2_ws/install/sllidar_ros2/share/sllidar_ros2/launch/sllidar_s2_launch.py\n'}
[34.578872] (sllidar_ros2) StdoutLine: {'line': b'-- Installing: /home/raspi/Robots4ChildrenWithDisabilities/ROS2/ros2_ws/install/sllidar_ros2/share/sllidar_ros2/rviz\n'}
[34.578968] (sllidar_ros2) StdoutLine: {'line': b'-- Installing: /home/raspi/Robots4ChildrenWithDisabilities/ROS2/ros2_ws/install/sllidar_ros2/lib/sllidar_ros2/sllidar_node\n'}
[34.582740] (sllidar_ros2) StdoutLine: {'line': b'-- Set non-toolchain portion of runtime path of "/home/raspi/Robots4ChildrenWithDisabilities/ROS2/ros2_ws/install/sllidar_ros2/lib/sllidar_ros2/sllidar_node" to ""\n'}
[34.583047] (sllidar_ros2) StdoutLine: {'line': b'-- Installing: /home/raspi/Robots4ChildrenWithDisabilities/ROS2/ros2_ws/install/sllidar_ros2/lib/sllidar_ros2/sllidar_client\n'}
[34.590263] (sllidar_ros2) StdoutLine: {'line': b'-- Set non-toolchain portion of runtime path of "/home/raspi/Robots4ChildrenWithDisabilities/ROS2/ros2_ws/install/sllidar_ros2/lib/sllidar_ros2/sllidar_client" to ""\n'}
[34.590533] (sllidar_ros2) StdoutLine: {'line': b'-- Installing: /home/raspi/Robots4ChildrenWithDisabilities/ROS2/ros2_ws/install/sllidar_ros2/share/ament_index/resource_index/package_run_dependencies/sllidar_ros2\n'}
[34.590798] (sllidar_ros2) StdoutLine: {'line': b'-- Installing: /home/raspi/Robots4ChildrenWithDisabilities/ROS2/ros2_ws/install/sllidar_ros2/share/ament_index/resource_index/parent_prefix_path/sllidar_ros2\n'}
[34.591065] (sllidar_ros2) StdoutLine: {'line': b'-- Installing: /home/raspi/Robots4ChildrenWithDisabilities/ROS2/ros2_ws/install/sllidar_ros2/share/sllidar_ros2/environment/ament_prefix_path.sh\n'}
[34.591241] (sllidar_ros2) StdoutLine: {'line': b'-- Installing: /home/raspi/Robots4ChildrenWithDisabilities/ROS2/ros2_ws/install/sllidar_ros2/share/sllidar_ros2/environment/ament_prefix_path.dsv\n'}
[34.591449] (sllidar_ros2) StdoutLine: {'line': b'-- Installing: /home/raspi/Robots4ChildrenWithDisabilities/ROS2/ros2_ws/install/sllidar_ros2/share/sllidar_ros2/environment/path.sh\n'}
[34.591905] (sllidar_ros2) StdoutLine: {'line': b'-- Installing: /home/raspi/Robots4ChildrenWithDisabilities/ROS2/ros2_ws/install/sllidar_ros2/share/sllidar_ros2/environment/path.dsv\n'}
[34.592142] (sllidar_ros2) StdoutLine: {'line': b'-- Installing: /home/raspi/Robots4ChildrenWithDisabilities/ROS2/ros2_ws/install/sllidar_ros2/share/sllidar_ros2/local_setup.bash\n'}
[34.592382] (sllidar_ros2) StdoutLine: {'line': b'-- Installing: /home/raspi/Robots4ChildrenWithDisabilities/ROS2/ros2_ws/install/sllidar_ros2/share/sllidar_ros2/local_setup.sh\n'}
[34.592609] (sllidar_ros2) StdoutLine: {'line': b'-- Installing: /home/raspi/Robots4ChildrenWithDisabilities/ROS2/ros2_ws/install/sllidar_ros2/share/sllidar_ros2/local_setup.zsh\n'}
[34.592838] (sllidar_ros2) StdoutLine: {'line': b'-- Installing: /home/raspi/Robots4ChildrenWithDisabilities/ROS2/ros2_ws/install/sllidar_ros2/share/sllidar_ros2/local_setup.dsv\n'}
[34.593136] (sllidar_ros2) StdoutLine: {'line': b'-- Installing: /home/raspi/Robots4ChildrenWithDisabilities/ROS2/ros2_ws/install/sllidar_ros2/share/sllidar_ros2/package.dsv\n'}
[34.593473] (sllidar_ros2) StdoutLine: {'line': b'-- Installing: /home/raspi/Robots4ChildrenWithDisabilities/ROS2/ros2_ws/install/sllidar_ros2/share/ament_index/resource_index/packages/sllidar_ros2\n'}
[34.593856] (sllidar_ros2) StdoutLine: {'line': b'-- Installing: /home/raspi/Robots4ChildrenWithDisabilities/ROS2/ros2_ws/install/sllidar_ros2/share/sllidar_ros2/cmake/ament_cmake_export_dependencies-extras.cmake\n'}
[34.594149] (sllidar_ros2) StdoutLine: {'line': b'-- Installing: /home/raspi/Robots4ChildrenWithDisabilities/ROS2/ros2_ws/install/sllidar_ros2/share/sllidar_ros2/cmake/ament_cmake_export_include_directories-extras.cmake\n'}
[34.594440] (sllidar_ros2) StdoutLine: {'line': b'-- Installing: /home/raspi/Robots4ChildrenWithDisabilities/ROS2/ros2_ws/install/sllidar_ros2/share/sllidar_ros2/cmake/sllidar_ros2Config.cmake\n'}
[34.594754] (sllidar_ros2) StdoutLine: {'line': b'-- Installing: /home/raspi/Robots4ChildrenWithDisabilities/ROS2/ros2_ws/install/sllidar_ros2/share/sllidar_ros2/cmake/sllidar_ros2Config-version.cmake\n'}
[34.595081] (sllidar_ros2) StdoutLine: {'line': b'-- Installing: /home/raspi/Robots4ChildrenWithDisabilities/ROS2/ros2_ws/install/sllidar_ros2/share/sllidar_ros2/package.xml\n'}
[34.598077] (sllidar_ros2) CommandEnded: {'returncode': 0}
[34.601014] (-) TimerEvent: {}
[34.622137] (sllidar_ros2) JobEnded: {'identifier': 'sllidar_ros2', 'rc': 0}
[34.626128] (-) EventReactorShutdown: {}
